variable_id,mz,rt,condition,polarity,mean_intensity
M71T824_POS,70.98033666,823.5647888,0.013196571,positive,188792051.4
M72T823_POS,71.98741136,823.2585144,0.042634569,positive,15481940.67
M72T34_POS,72.08081529,33.85064888,-0.086349183,positive,4751415.57
M73T36_POS,73.02842005,35.77315521,-0.004839013,positive,8695662.069
M73T815_POS,73.06475005,815.2985535,0.068617108,positive,28559209.98
M73T749_POS,73.30845817,748.723938,0.030526699,positive,52440390.22
M74T765_POS,74.22085461,765.2583923,0.036984881,positive,46996095.97
M74T815_POS,74.29013249,815.1974487,0.071859766,positive,2341982.626
M75T749_POS,75.02287613,748.6485901,-0.023472929,positive,998087.236
M76T807_POS,76.1057949,806.9522095,-0.022714369,positive,1998022.49
M77T786_POS,76.85635497,785.5770874,-0.048544675,positive,1415702.102
M77T33_POS,77.03824538,32.84656525,-0.125146315,positive,10157691.65
M78T47_POS,77.96829656,47.05956841,-0.268296094,positive,1789465.712
M79T33_POS,79.05407241,33.26688194,-0.095971257,positive,27530880.19
M79T817_POS,79.0752712,817.3830566,0.049991096,positive,38585595.95
M79T556_POS,79.07524916,556.2390137,0.023814264,positive,14357535.99
M79T581_POS,79.07525564,581.4523926,-0.010873496,positive,15659357.62
M79T626_POS,79.07525373,626.1158447,0.039391144,positive,13638484.76
M79T655_POS,79.07523162,655.2340088,0.064755413,positive,8964277.242
M80T814_POS,80.04944769,814.2091675,0.001189011,positive,41139646.66
M80T661_POS,80.04947206,660.56427,-0.026990354,positive,57169736.3
M81T36_POS,81.06988459,36.0825119,0.028916261,positive,24407108.86
M82T33_POS,81.98662244,32.74848747,-0.111439864,positive,1595803.819
M82T47_POS,82.40716531,47.06222153,-0.224343315,positive,1546963.754
M83T832_POS,83.02148743,831.5510559,0.038676958,positive,9492343.644
M83T37_POS,83.04912341,36.76532745,0.027342116,positive,12867018
M84T34_1_POS,84.04441211,33.99888229,0.022587751,positive,6511736.077
M85T267_POS,84.61457524,267.1715698,0.10003689,positive,815510.9344
M85T704_POS,84.70958787,703.7714233,0.042113422,positive,1751430.386
M85T35_POS,85.02840041,35.12893677,-0.026393186,positive,6366596.753
M85T36_POS,85.06479357,36.15943909,-0.004902926,positive,7398680.426
M86T182_POS,86.00323129,182.098465,0.039145517,positive,64253218.57
M86T36_POS,86.05989575,35.51039314,0.080884437,positive,16206294.92
M86T34_POS,86.09640538,33.82409859,-0.036502681,positive,8556508.229
M86T819_POS,86.09631973,819.4633484,0.00797468,positive,24963930.71
M86T594_POS,86.09607727,594.4107056,-0.129584207,positive,18311453.41
M87T36_1_POS,87.04406176,35.9704895,0.042460258,positive,10696127.45
M87T814_POS,87.08039631,814.0304565,0.010573953,positive,39075155.45
M87T704_POS,87.2672077,703.6027832,0.028249606,positive,52852398.45
M88T894_POS,87.96057694,894.137085,0.068779282,positive,21193152.22
M88T939_POS,87.96059458,938.9407349,-0.033663164,positive,21236827.99
M88T856_POS,87.96056163,856.1351624,0.021769894,positive,25381422.26
M88T36_POS,88.03892422,35.87370682,0.016747782,positive,18643401.59
M88T38_POS,88.07569778,38.47784042,-0.057932773,positive,8970467.192
M88T625_1_POS,88.1900575,625.1537781,0.054766048,positive,1148136.985
M88T625_2_POS,88.44055895,625.1825562,0.081311719,positive,6097327.149
M89T266_POS,88.87324223,266.2914734,0.098827262,positive,65883636.85
M89T589_POS,88.9908964,588.8986206,0.07537203,positive,49301267.17
M89T569_POS,88.99096327,569.2998047,0.037349295,positive,86608454.33
M89T615_POS,88.99089425,614.8512573,-0.099850649,positive,51116241.87
M89T645_POS,88.99087658,644.5801697,0.00844666,positive,18435422.88
M89T438_POS,88.99100736,437.7174988,0.040218233,positive,84576630.26
M89T406_POS,88.99100994,406.4990234,-0.039237568,positive,91468877.91
M89T213_POS,88.99100298,213.1124115,0.045128739,positive,63467793.6
M89T824_POS,88.99093561,823.8289795,-0.034608627,positive,584061142.9
M89T46_POS,89.03844141,45.72134018,-0.138938815,positive,722125.5341
M90T50_POS,89.75708321,50.23591614,0.064483816,positive,3085129.981
M91T895_POS,90.94769676,894.7694702,-0.041210946,positive,137419393.4
M91T1005_POS,90.94771191,1005.248413,0.004335784,positive,111603260.5
M91T865_POS,90.9476826,865.0389404,0.014512569,positive,509501384.2
M91T964_POS,90.94771179,964.4529419,-0.039250442,positive,142346948.2
M91T984_POS,90.94771256,983.6223755,0.035190694,positive,132108579
M91T942_POS,90.94770712,942.4502563,0.012919975,positive,149115619.3
M91T920_POS,90.94770401,920.1316528,0.052262439,positive,189484854.6
M91T46_POS,91.05404727,46.39048767,-0.170309135,positive,23874436.25
M91T33_2_POS,91.05421032,33.2091217,-0.107548277,positive,46468911.77
M92T33_POS,92.05754982,33.14135361,-0.016735748,positive,15445328.31
M93T979_POS,92.94812136,979.0222168,0.058375096,positive,8665129.921
M93T847_POS,92.98588185,847.1190796,-0.038222292,positive,6212718.779
M93T971_POS,92.98597271,970.6524658,0.006065511,positive,2783892.394
M93T1012_POS,92.98597227,1012.185181,0.004544175,positive,2634424.796
M93T945_POS,92.98596544,944.6636353,0.033088485,positive,2993620.494
M93T916_POS,92.98596114,915.8185425,0.023450705,positive,3403135.217
M93T883_POS,92.98594879,882.9882813,-0.039677783,positive,2488339.578
M93T34_POS,93.0698939,33.53796577,-0.067146059,positive,27156272.18
M93T581_POS,93.10208897,581.4125366,-0.19284592,positive,654053.7885
M94T33_POS,94.04123828,33.48633957,-0.103398763,positive,4931595.683
M94T35_POS,94.06512497,34.91488838,0.020744103,positive,26697457.59
M95T34_POS,95.04913221,33.58551407,-0.109687485,positive,73072216.61
M95T126_POS,95.04916994,125.6759033,0.06597181,positive,49236788.68
M95T35_2_POS,95.08544962,35.3009758,0.003616894,positive,19593911.95
M95T625_POS,95.08546622,624.9678955,0.046338942,positive,49933863.56
M95T655_1_POS,95.19780721,655.3069458,0.050729393,positive,1049406.311
M95T655_2_POS,95.44842384,655.4921265,0.106042395,positive,5407120.418
M96T34_POS,96.05224729,34.24268723,0.006244599,positive,8998063.468
M96T127_POS,96.05252557,126.8491669,0.040876822,positive,33634020.73
M97T863_POS,97.00759211,863.2485352,-0.063063247,positive,32755509.21
M97T895_POS,97.00761819,895.0703125,-0.009129729,positive,11385694.25
M97T920_POS,97.00762241,920.1451721,0.021295378,positive,17497777.32
M97T956_POS,97.00762503,956.022583,-0.004478137,positive,11400975.32
M97T995_POS,97.00762443,994.9519043,0.0186713,positive,10638198.27
M97T33_2_POS,97.02845042,33.4873085,0.062091297,positive,31072090.75
M97T36_POS,97.06480873,36.17607689,0.033949153,positive,9332942.421
M99T818_POS,98.984035,818.3207397,0.009063471,positive,336609204.8
M99T34_1_POS,98.98414326,34.3423214,-0.032095035,positive,50077175.36
M99T595_POS,98.98412359,594.7275391,-0.057402705,positive,51096734.09
M99T34_2_POS,99.04380459,33.52729225,-0.063382535,positive,7358982.105
M99T236_POS,99.08047401,235.6420288,-0.003238234,positive,14760404.37
M99T589_POS,99.3303495,589.2322388,0.035902726,positive,783268.7288
M100T33_POS,99.97865846,32.76758194,-0.002866637,positive,13303463.99
M100T38_POS,100.0392754,37.83930969,-0.034312167,positive,2740314.126
M100T67_POS,100.075675,67.44049072,-0.030006172,positive,67813488.84
M100T35_POS,100.112042,34.94700241,0.113041543,positive,8007969.865
M101T36_1_POS,101.0597181,36.27243996,0.072667109,positive,16623403.94
M101T68_POS,101.0790459,68.00275421,0.022946916,positive,8058975.09
M101T266_POS,101.310143,265.6807251,0.014820783,positive,55769752.03
M102T840_POS,101.9761989,840.0623169,-0.017465949,positive,70206721.49
M102T35_1_POS,102.0547696,34.88063049,0.045057806,positive,52681656.97
M102T53_POS,102.0549488,52.7492485,-0.105756125,positive,51405729.48
M103T423_POS,102.5088344,422.5995483,0.009410012,positive,532104.7429
M103T824_POS,102.9680499,823.5700073,0.028540241,positive,17098997.07
M103T823_POS,103.0065879,822.9578247,0.068758975,positive,785439749.9
M103T640_POS,103.006628,640.3735657,-0.016084651,positive,41430502.9
M103T610_POS,103.0066395,610.0076904,-0.004898871,positive,87290337.37
M103T789_POS,103.0066101,788.7545776,0.049089889,positive,53090778.64
M103T500_POS,103.0066814,500.0034637,-0.018068293,positive,81313371.41
M103T569_POS,103.0066688,569.3051758,0.115446656,positive,94562990.43
M103T475_POS,103.006678,474.5157776,0.025579532,positive,79330520.21
M103T589_POS,103.0066471,588.9110107,0.02574259,positive,57033177.41
M103T518_POS,103.0066782,518.0310059,-0.028391634,positive,73085419.6
M103T541_POS,103.0066757,541.0593872,-0.011705024,positive,90275687.96
M103T441_POS,103.0066789,440.9272461,0.035691416,positive,96148282.42
M103T756_POS,103.0066123,756.1539917,0.032469124,positive,61589532.65
M103T734_POS,103.0066209,733.5005493,-0.026600294,positive,53300153.23
M103T382_POS,103.0066853,382.2696228,0.05777144,positive,61073712.95
M103T704_POS,103.0066229,703.6199341,0.0527466,positive,72502313.62
M103T289_POS,103.006685,289.3728485,-0.011409846,positive,32037318.08
M103T673_POS,103.0066294,673.3259277,-0.091720712,positive,68029667.4
M103T360_POS,103.00668,360.2280884,0.031914781,positive,63940012.32
M103T338_POS,103.0066849,338.179657,0.060549241,positive,47259110.78
M103T248_POS,103.0066823,247.7353668,-0.032516122,positive,23155438.03
M103T322_POS,103.0066803,322.0746002,0.057239838,positive,53109499.78
M103T307_POS,103.0066889,307.1924438,0.04183749,positive,42254902.95
M103T411_POS,103.0066786,410.8079681,-0.010800055,positive,70309081.65
M103T33_2_POS,103.0542058,33.15384865,-0.118676174,positive,351042249.6
M103T263_POS,103.0542379,263.3033752,0.151795156,positive,2962257.307
M103T521_POS,103.0753902,520.8002014,0.003971841,positive,8311919.442
M103T374_POS,103.0753962,373.5646515,0.057865069,positive,153421069.8
M104T823_2_POS,104.0134,823.2325134,0.033010473,positive,15174344.34
M104T33_POS,104.0575442,33.12247086,-0.119121697,positive,33090168.19
M104T374_POS,104.0787168,373.5703735,0.089024359,positive,6833480.023
M104T595_POS,104.1069586,595.0336914,-0.180075008,positive,256504158.2
M104T581_POS,104.1069598,581.4207764,-0.315597223,positive,130094607
M104T630_POS,104.106964,630.4381714,-0.149683878,positive,65867246.99
M105T886_POS,104.9633701,886.406189,-0.018180547,positive,95540200.87
M105T914_POS,104.96338,913.9601746,-0.010673186,positive,53619214.01
M105T939_POS,104.963385,938.7299805,0.041215518,positive,45686812.55
M105T963_POS,104.9633893,963.4851685,0.034709188,positive,42948676.69
M105T1004_POS,104.9633908,1003.832886,0.049297837,positive,34791032.62
M105T981_POS,104.9633917,981.1924744,0.024846632,positive,40698219.84
M105T850_POS,104.963336,849.9598694,-0.024541737,positive,589692645.6
M105T824_POS,105.0023676,823.5722656,0.058677175,positive,31174108
M105T126_POS,105.0335486,125.6215782,0.108649897,positive,131486013.2
M105T33_POS,105.0698216,33.24643326,-0.079958042,positive,9123133.362
M105T823_POS,105.0709795,823.2591248,0.022126316,positive,10166942.43
M105T434_POS,105.0707746,433.8132324,0.034811164,positive,57874720.3
M105T595_POS,105.1103278,594.9513245,-0.196936947,positive,12283249.81
M105T581_POS,105.1103464,581.4920044,-0.311836442,positive,5519630.554
M106T853_POS,105.9711481,853.1936646,-0.047855825,positive,13722079.8
M106T886_POS,105.9711782,886.4111328,0.057349969,positive,4257084.364
M106T939_POS,105.9711961,938.7740784,0.049789858,positive,2563617.745
M106T979_POS,105.971205,979.3277283,0.06646302,positive,2242748.902
M106T125_POS,106.0368739,125.0345573,0.102191863,positive,8256316.527
M107T629_POS,106.556002,629.098877,-0.002989259,positive,2848444.92
M107T829_POS,107.0014027,828.7634888,-0.007724482,positive,97909319.01
M107T33_2_POS,107.0491331,33.16002274,-0.115467066,positive,38187463.29
M107T555_POS,107.0491605,554.9624329,-0.03085637,positive,6857176.812
M107T84_POS,107.0603686,84.15315247,0.011372699,positive,31943522.86
M107T37_POS,107.0855391,37.07676697,-0.0291472,positive,6327729.674
M108T846_POS,107.9715084,846.3299561,0.072293964,positive,66463961.98
M108T33_2_POS,108.0524465,33.1620369,-0.103644154,positive,2309195.377
M109T866_POS,108.9582763,865.9847107,0.022674007,positive,303767154.1
M109T896_POS,108.958293,896.0354614,-0.015732373,positive,88806219.16
M109T949_POS,108.9583101,949.019165,0.042078929,positive,99521173.79
M109T974_POS,108.9583176,973.7976379,0.010488996,positive,105763689
M109T1003_POS,108.9583202,1002.580322,-0.007300224,positive,89822733.52
M109T921_POS,108.9583042,920.7698975,0.03268912,positive,140256733
M109T36_POS,109.1012142,35.71330643,0.028478421,positive,27078406.9
M109T246_POS,109.1012459,245.5723724,-0.05350252,positive,19462552.97
M110T38_POS,110.0349197,38.24563599,-0.033906343,positive,4446782.843
M110T35_POS,110.0601705,34.52773476,-0.100655883,positive,5137241.891
M110T266_POS,110.0713155,265.6861267,0.167108875,positive,5240940.649
M111T852_POS,111.0232343,851.6835327,0.077254448,positive,74013672.38
M111T887_POS,111.0232556,886.7139893,0.023010682,positive,13259473.6
M111T921_POS,111.0232662,921.0827026,0.059824172,positive,7516897.005
M111T947_POS,111.0232689,946.7671204,-0.034530247,positive,7271540.743
M111T963_POS,111.023272,962.6036377,-0.013422467,positive,6570744.447
M111T995_POS,111.0232725,995.2625122,-0.007425456,positive,6359364.048
M111T36_2_POS,111.0804618,35.87099075,0.004035947,positive,20587261.68
M111T279_POS,111.0805024,278.834137,0.00408967,positive,6605319.953
M111T564_POS,111.1168573,564.2663574,0.01823576,positive,3059297.785
M111T520_POS,111.1168804,520.0840759,0.045724698,positive,7771483.539
M111T473_POS,111.1168679,472.9595032,-0.038984538,positive,1110834.95
M111T201_POS,111.1168739,201.056076,0.02979964,positive,9454873.076
M112T33_POS,112.050533,33.1697998,-0.013290156,positive,3979571.174
M112T46_POS,112.112057,46.42146301,0.03744198,positive,1938886.785
M112T564_POS,112.1201812,563.9883118,0.019761816,positive,900646.3924
M112T520_POS,112.120229,520.2294922,0.092020446,positive,431784.4735
M112T201_POS,112.1202184,201.0322266,0.032704619,positive,15858613.47
M113T986_POS,113.0189917,985.8413391,0.015924955,positive,4727046.279
M113T33_POS,113.034453,33.01450157,0.005756737,positive,12976500.52
M113T850_POS,113.0188675,850.2346191,0.01981902,positive,38827349.56
M113T934_POS,113.01897,934.0853271,0.029581118,positive,5153430.839
M113T888_POS,113.0189283,887.956543,0.018426882,positive,7957980.196
M113T36_POS,113.0596921,36.02033806,0.047260486,positive,8360909.541
M113T144_POS,113.0961332,144.3325729,-0.052360492,positive,5601609.546
M114T34_POS,114.0660009,33.81315613,-0.017062513,positive,5423375.323
M114T126_POS,114.091443,126.1258774,0.017248459,positive,25671042.03
M114T156_POS,114.0914679,155.7827759,0.103763841,positive,16041493.6
M114T74_POS,114.1277621,74.04971695,0.063912338,positive,7070474.743
M114T356_POS,114.1278014,355.5731201,0.029996144,positive,2343468.973
M115T877_POS,114.9468737,877.0686035,-0.020749205,positive,4045298.438
M115T974_POS,114.9468634,973.8126831,0.042146795,positive,2285241.471
M115T845_POS,114.9469581,845.3365479,-0.013441004,positive,13364073.61
M115T45_POS,115.0501392,44.9765873,-0.29864257,positive,11264875.39
M115T509_POS,115.0503347,509.4453125,-0.105031971,positive,12637435.66
M115T36_2_POS,115.075397,36.1210556,0.073780291,positive,12560811.72
M115T389_POS,115.1118107,389.0728912,0.040703013,positive,2990746.237
M115T75_POS,115.1311167,74.66563416,-0.026815277,positive,31417770.4
M116T33_POS,116.0575548,33.41641998,-0.054464323,positive,6615771.044
M117T865_POS,116.9858065,865.3902588,-0.048926609,positive,1441787053
M117T1000_POS,116.9857681,999.7911072,-0.011236598,positive,871652617.4
M117T965_POS,116.9857877,965.3840027,-0.034478278,positive,1024335958
M117T908_POS,116.9858238,908.3965454,-0.024680551,positive,997980516.3
M117T941_POS,116.9857796,940.899231,-0.000904718,positive,499185070.2
M117T824_POS,116.98561,823.7841797,-0.041719159,positive,318475505.1
M117T116_POS,116.985943,116.0569305,0.018154784,positive,276941746.1
M117T46_POS,117.0573305,46.21624756,-0.300593783,positive,13406672.36
M117T279_POS,117.0573008,278.7694702,-0.049184226,positive,1461322.682
M117T569_POS,117.069931,569.3878479,0.022372179,positive,28072417.95
M117T45_POS,117.0699033,44.81842422,-0.122114348,positive,3488725.349
M118T36_POS,117.9892356,35.9704895,0.046778287,positive,13592847.79
M118T862_POS,117.9891845,861.9734497,0.037385013,positive,50004496.09
M118T42_POS,118.0650829,42.42362785,-0.208193999,positive,73518228.34
M118T209_POS,118.0651511,208.5028687,-0.009409835,positive,6925997.154
M119T838_POS,118.9789576,837.660675,-0.039549808,positive,677770313.5
M119T977_POS,119.018952,977.1774902,0.024551691,positive,70207674.77
M119T1006_POS,119.0189543,1006.115173,-0.035599158,positive,61946251.81
M119T38_POS,119.0190998,37.8482132,-0.10546518,positive,32035516.13
M119T867_POS,119.0189196,867.3332825,0.027779366,positive,118942901.1
M119T947_POS,119.0189478,946.7991943,0.112542104,positive,61878205.64
M119T895_POS,119.0189348,895.3776855,-0.00257994,positive,51087225.34
M119T918_POS,119.0189392,918.2948608,0.062545757,positive,89558639.83
M119T46_POS,119.0685002,46.16041565,-0.264136346,positive,6944317.553
M119T33_POS,119.0730608,33.07372665,-0.103335704,positive,6152630.844
M119T619_POS,119.0855684,618.5255737,-0.012238602,positive,23430576.31
M120T839_POS,119.9865596,838.8547058,-0.023642269,positive,24199896.61
M120T33_1_POS,120.038274,33.38432693,-0.022141033,positive,5727914.912
M120T33_2_POS,120.0807116,33.32400513,-0.118882043,positive,3611741228
M120T33_3_POS,120.1235748,33.10079575,-0.116265693,positive,4276070.672
M121T837_POS,120.9946082,836.7376709,-0.022907143,positive,21695181.61
M121T823_POS,121.0171365,823.2513733,0.072232646,positive,774433305.6
M121T614_POS,121.0171766,614.2797852,-0.028034254,positive,39162943.46
M121T542_POS,121.0173489,542.2964478,0.067528967,positive,21607164.76
M121T463_POS,121.0281638,462.7019653,0.033539215,positive,18424228.69
M121T676_POS,121.0171905,675.9424438,0.008896475,positive,51356069.09
M121T57_POS,121.0315364,57.14347839,-0.033746632,positive,44329216.75
M121T180_POS,121.0284044,180.0915985,-0.089064633,positive,53163075.21
M121T33_1_POS,121.0394837,32.83052254,-0.027863041,positive,1730179.664
M121T434_POS,121.0648221,434.0933075,0.032943876,positive,54781983.19
M121T33_2_POS,121.0838175,33.21156693,0.025476126,positive,83258064.67
M121T412_POS,121.1012351,412.3583069,0.043055995,positive,3186263.04
M122T825_POS,121.9871527,825.4853516,0.002252201,positive,146163628.5
M122T642_POS,121.9872178,641.5438843,0.01782271,positive,102437393.9
M122T615_POS,121.9872302,614.964325,-0.033966526,positive,132099759.8
M122T589_POS,121.9872303,588.6685486,-0.016335822,positive,82420121.06
M122T601_POS,121.9872091,600.5255432,0.095240953,positive,77621232.02
M122T570_POS,121.9872543,570.4177246,0.005753212,positive,116566856.7
M122T405_POS,121.98727,404.565918,0.022332538,positive,66176358.38
M122T677_POS,121.987199,676.9489441,0.007416253,positive,134314948.8
M122T543_POS,121.9872738,542.5991821,-0.077082807,positive,97489071.26
M122T792_POS,121.9871837,792.1990967,-0.039432229,positive,74165875.8
M122T501_POS,121.9872705,501.2171936,0.016516371,positive,89709712.38
M122T712_POS,121.9872044,711.5155029,-0.017147928,positive,82398385.23
M122T735_POS,121.987204,735.4414673,0.008490444,positive,73876007.99
M122T757_POS,121.9871916,757.0372925,-2.65E-05,positive,65842674.98
M122T476_POS,121.9872741,476.0858765,-0.004998207,positive,73574077.61
M122T439_POS,121.9872714,439.3786316,0.094604721,positive,92729330.12
M122T251_POS,121.9872744,250.5269928,0.068751085,positive,40745345.79
M122T824_POS,122.0205043,823.5736694,0.093947061,positive,13180609.56
M122T202_POS,122.0270646,201.5194168,0.120401123,positive,1774336.474
M122T34_POS,122.0268766,33.82913589,0.027468852,positive,1831717.792
M122T67_POS,122.0576672,67.39509583,0.019824756,positive,46890695.69
M122T33_POS,122.0874334,33.10200119,-0.065909562,positive,40595697.11
M123T33_1_POS,123.0440569,33.43665695,-0.043614688,positive,4484198.024
M123T266_POS,123.0418184,265.6797638,0.105032015,positive,32934469.14
M123T56_POS,123.0552689,56.03255844,-0.077374799,positive,15590956.81
M123T33_2_POS,123.0964677,32.98836136,0.037874541,positive,6769925.802
M123T34_POS,123.1168096,34.16513824,0.025328552,positive,6620024.574
M124T595_POS,123.9585264,594.7321167,-0.088249209,positive,1117559.075
M124T826_POS,123.9826307,825.6968079,-0.020286354,positive,49023003.66
M124T641_POS,123.9826935,641.3626099,-0.030356872,positive,40854640.75
M124T588_POS,123.9827085,588.0048828,0.049841517,positive,37154093.34
M124T615_POS,123.9827102,615.3021851,-0.071749561,positive,48539436.91
M124T570_POS,123.9827345,570.3996887,-0.027092345,positive,40879530.54
M124T677_POS,123.9826819,677.2210999,-0.02634781,positive,46501576.17
M124T781_POS,123.9826629,780.9005127,0.002530316,positive,32409764.25
M124T411_POS,123.9827542,411.4317932,0.044214289,positive,22587418.03
M124T711_POS,123.9826748,711.3487549,-0.01053362,positive,36779706.66
M124T440_POS,123.9827589,440.0073853,0.053498346,positive,38780881.98
M124T197_POS,124.0506381,196.7932053,0.043475564,positive,4787116.766
M124T56_POS,124.0586845,56.22124481,-0.079782389,positive,2287186.346
M124T594_POS,124.2091014,594.4197083,-0.145828672,positive,1969375.741
M125T594_POS,124.9998188,594.1160278,-0.042069682,positive,24637887.32
M125T630_POS,124.9998319,630.0600891,0.027841702,positive,23830767.47
M125T772_POS,124.9998006,772.2414856,0.009994704,positive,21770275.16
M125T745_POS,124.9998326,745.0610962,0.044354695,positive,21845545.97
M125T822_POS,125.0098577,822.3323975,-0.014649407,positive,14428637.14
M125T574_POS,124.9998733,573.5155334,-0.181104958,positive,20044660.05
M125T836_POS,125.0388863,835.666687,0.022704105,positive,307533555.9
M125T60_POS,125.0362525,59.55447578,0.007926369,positive,8910288.987
M125T84_POS,125.0709722,83.88117218,-0.019010187,positive,44059363.12
M125T37_POS,125.0961366,37.04843712,0.000551481,positive,7959044.111
M126T36_POS,126.0548922,36.43408966,-0.06830015,positive,49007321.88
M126T175_POS,126.0914101,174.6554947,-0.203327321,positive,4612066.236
M127T594_1_POS,126.7868391,594.3981323,0.0462344,positive,16015093.6
M127T827_POS,126.9814408,827.2084351,0.064546595,positive,16857699.98
M127T832_POS,127.0345358,832.4075317,0.072865693,positive,446185532.4
M127T586_POS,127.0305927,586.0317993,-0.149248191,positive,979991.9476
M127T46_POS,127.0390938,45.85127258,-0.036422133,positive,18169749.81
M127T38_POS,127.075358,37.63844681,0.017688158,positive,5557467.05
M127T36_POS,127.1117039,35.92232513,0.01897301,positive,5969208.461
M127T603_POS,127.2733921,603.1268921,-0.011010054,positive,3279122.294
M128T215_POS,128.1070903,215.0982285,-0.029478301,positive,4982704.865
M129T828_POS,128.9796703,827.545166,0.008325262,positive,6823850.3
M129T832_POS,129.0301913,832.1702271,0.041593057,positive,901869943.3
M129T36_POS,129.0657846,35.98425674,0.062991723,positive,18891506.37
M129T37_POS,129.0909643,36.83863258,0.06033765,positive,7804732.012
M129T468_POS,129.1274434,468.0014038,0.036446156,positive,535708.5219
M130T34_POS,130.0499587,33.86300278,-0.001847895,positive,15349332.32
M130T175_POS,130.0650046,174.9927673,-0.06493751,positive,16353689.93
M130T208_POS,130.0652673,208.4370651,-0.027067732,positive,121251544.8
M130T278_POS,130.0652575,278.2715149,-0.080443972,positive,89652760.28
M130T45_POS,130.0653403,44.63273811,-0.176381606,positive,22229034.09
M130T318_POS,130.0652892,318.0744019,0.258149407,positive,6862130.122
M130T582_POS,130.2090908,581.5158691,-0.260162322,positive,538499.9119
M131T604_POS,130.7129483,603.9812927,-0.21291502,positive,623146.0031
M131T824_1_POS,130.9526637,823.8416748,0.02511062,positive,8835755.459
M131T868_POS,130.9817102,868.4092102,-0.038792856,positive,9104458.29
M131T823_POS,131.0013982,822.9849243,0.022725267,positive,12662506256
M131T824_2_POS,131.0502079,823.7861938,0.048340148,positive,8772290.928
M131T33_POS,131.0491751,33.11595726,-0.125686057,positive,49985588.43
M131T263_POS,131.0495351,262.8208313,0.188596495,positive,6315893.145
M131T208_POS,131.0686596,208.4396515,0.030858936,positive,10967548.68
M131T279_POS,131.0689285,278.5362244,-0.032361573,positive,7867904.332
M131T41_POS,131.0813919,40.81763077,0.056960706,positive,14909948.7
M132T33_1_POS,131.9613358,32.66122055,-0.007889059,positive,14642110.17
M132T823_POS,132.0047634,823.2639771,0.057938347,positive,342997315.9
M132T278_POS,132.0444462,278.4978943,-0.041902333,positive,2469138.212
M132T33_2_POS,132.0652736,33.38282394,-0.042449213,positive,16220050.17
M132T45_POS,132.0806739,44.97066116,-0.239731772,positive,40978980.35
M132T174_POS,132.0808087,174.0350189,-0.093771733,positive,5860240.745
M132T34_POS,132.1019126,33.63505554,-0.062142189,positive,14101459.04
M133T581_POS,132.788831,581.4047852,-0.210997238,positive,2164337.053
M133T862_POS,132.9582354,861.6829834,-0.033132343,positive,205715221.1
M133T895_POS,132.9583049,895.3789063,-0.005850366,positive,48257457.88
M133T1004_POS,132.9583411,1003.526489,0.008433255,positive,34317357.83
M133T949_POS,132.9583316,949.2731323,0.036611721,positive,45161598.79
M133T975_POS,132.9583495,975.3001099,-0.007286022,positive,42612248.84
M133T923_POS,132.9583262,923.2410889,0.031520283,positive,56681420.87
M133T824_POS,132.9974675,823.5671387,0.092473888,positive,58637113.94
M133T36_POS,133.0343897,35.54748917,-0.004197397,positive,40267728.09
M133T458_POS,133.064802,458.0375671,0.063760576,positive,1534582.084
M133T45_POS,133.084064,44.79296875,-0.148018876,positive,4322734.347
M133T35_POS,133.1053058,34.99768829,0.013447655,positive,4459292.37
M133T587_POS,133.1011978,587.3248901,0.055056993,positive,62513450.77
M133T604_POS,133.2928257,603.9854126,-0.301119781,positive,907559.3043
M134T925_POS,133.9662246,924.7975769,0.019109185,positive,4685325.398
M134T946_POS,133.9662284,946.1790771,-0.001254415,positive,4438574.461
M134T1004_POS,133.9662442,1004.436157,0.013382119,positive,3770519.278
M134T858_POS,133.966131,857.9675293,-0.007126179,positive,18262417.12
M134T893_POS,133.9661909,893.0110168,-0.002132602,positive,6785557.584
M134T974_POS,133.9662411,973.6492615,0.058623422,positive,4403466.925
M134T835_POS,134.0023853,835.4973145,-0.00253474,positive,36685109.54
M134T278_POS,134.0600448,278.2963562,-0.08783722,positive,7463578.759
M134T37_POS,134.0448175,37.28444481,0.045328665,positive,46635537.03
M134T191_POS,134.0600457,191.1699295,-0.063842511,positive,35168328.99
M135T970_POS,134.9586239,969.7219543,-0.060087496,positive,10779632.72
M135T866_POS,134.9586033,866.0199585,-0.047869112,positive,16661234.34
M135T906_POS,134.9586678,906.2174072,-0.009467998,positive,19107748.2
M135T115_POS,134.9964956,115.4614105,0.005969935,positive,408048571.1
M135T917_POS,134.9964629,917.0565796,-0.044067157,positive,515752550.4
M135T974_POS,134.9964732,973.7521362,0.072610819,positive,480801275.6
M135T942_POS,134.9964673,941.8861389,-0.00794234,positive,449650253.5
M135T1008_POS,134.9964789,1007.508728,0.020891559,positive,424258252.3
M135T894_POS,134.9964487,893.5231323,-0.000870726,positive,375198848.8
M135T824_POS,134.9953932,823.5703125,0.031784993,positive,101759837.7
M135T865_POS,134.9964244,865.0567017,0.053713904,positive,792960079.5
M135T36_POS,134.9964872,36.39479828,0.026675121,positive,173749880.2
M135T823_POS,135.0327617,822.678894,0.085881022,positive,568231115.3
M135T641_POS,135.0328237,641.0115967,-0.005382619,positive,34656457.38
M135T589_POS,135.0328383,589.239624,0.086329112,positive,44453650.91
M135T614_POS,135.0328421,614.1712646,-0.031953109,positive,50573852.95
M135T600_POS,135.0328207,600.4806519,0.049295522,positive,58986022.79
M135T569_POS,135.0328597,569.491333,-0.002219212,positive,67734993.43
M135T795_POS,135.0327876,795.1513672,0.015460776,positive,43133408.08
M135T542_POS,135.0328692,541.68396,0.02678739,positive,55850419.88
M135T675_POS,135.0328191,674.5708923,-0.03156594,positive,60088494.48
M135T477_POS,135.0328666,476.6816406,0.007210827,positive,47288009.58
M135T756_POS,135.0327893,755.5474854,0.054655917,positive,51728750.8
M135T735_POS,135.0328061,735.1072388,-0.080026291,positive,48309635.36
M135T706_POS,135.0328082,705.6621704,0.042165288,positive,63197515.84
M135T446_POS,135.0328699,446.0946503,0.004939411,positive,48167986.33
M135T502_POS,135.0328747,501.677063,0.040410712,positive,49894697.34
M135T417_POS,135.0328685,417.0213928,0.054634416,positive,34612882.73
M135T210_POS,135.0440717,210.080719,-0.039714149,positive,46239416.66
M135T434_POS,135.0804328,434.2877808,-0.031085377,positive,5343799.339
M135T480_POS,135.0804249,480.4180298,0.049277457,positive,6467993.457
M135T108_POS,135.1015429,108.0418015,0.070621868,positive,3880311.826
M135T37_POS,135.116811,37.04424286,-0.016971008,positive,18218112.48
M136T864_POS,135.999802,863.8273926,0.051998039,positive,47700666.23
M136T893_POS,135.9998144,893.2200012,0.033724261,positive,24667275.01
M136T991_POS,135.9998326,990.8706055,0.021865912,positive,29561407.14
M136T965_POS,135.9998302,965.0750122,-0.011112723,positive,28446329.01
M136T945_POS,135.9998253,944.5087585,-0.01894679,positive,27458872.66
M136T920_POS,135.9998223,919.7423706,0.034016695,positive,32882704.7
M136T827_POS,135.9926934,826.7002258,0.026127238,positive,3967973.487
M136T41_POS,135.9999189,40.78142548,-0.0199668,positive,14599110.22
M136T823_POS,136.0361932,822.7089233,0.061081625,positive,15732909.88
M136T53_POS,136.0618514,52.75697327,-0.016527018,positive,1566498.095
M136T126_POS,136.0733094,126.2187958,0.013942153,positive,4929377.898
M136T434_POS,136.0838405,434.1642609,-0.014968062,positive,1162138.283
M136T156_POS,136.0733499,156.4408035,0.003240121,positive,4971849.586
M136T35_POS,136.0757293,34.82202339,0.028501677,positive,15767228.4
M137T840_POS,136.9895527,839.8112793,-0.030552861,positive,668262819.4
M137T891_POS,136.9925096,891.0462646,0.070417503,positive,11864635.32
M137T865_POS,137.0005971,865.388855,-0.011428251,positive,14462308.36
M137T964_POS,136.9926269,964.1416016,-0.031103236,positive,10867499.99
M137T989_POS,136.9926053,988.7501221,0.019093494,positive,10210510.87
M137T940_POS,136.992585,939.833313,0.014864611,positive,10588568.45
M137T916_POS,136.9925997,915.8131714,0.00716955,positive,11047792.98
M137T1013_POS,137.0004166,1012.810211,-0.009296194,positive,8966303.68
M137T867_POS,137.0293486,866.9341736,0.028985794,positive,29705462.14
M137T918_POS,137.0294006,918.2875977,0.054902429,positive,17844511.74
M137T945_POS,137.0294126,945.2411499,0.031594741,positive,15991129.38
M137T1002_POS,137.0294297,1001.660034,0.085564845,positive,15049756.14
M137T971_POS,137.0294202,970.973999,0.008835658,positive,16478050.49
M137T894_POS,137.0293457,893.8310242,0.086570816,positive,11135248.84
M137T833_POS,137.0188176,833.0708313,-0.017455125,positive,34952552.24
M137T39_2_POS,137.0457094,38.68510056,0.031218646,positive,877457729.2
M137T182_POS,137.0822346,181.8239288,0.023755084,positive,10775595.31
M137T36_1_POS,137.0958716,36.3084259,-0.055584805,positive,2149985.293
M137T480_POS,137.1325218,479.7962036,0.038681456,positive,2326600.241
M138T841_POS,137.9928079,840.9833984,0.030765351,positive,13082969.55
M138T873_POS,137.9927155,873.4609375,-0.010631555,positive,1729174.137
M138T898_POS,137.9927079,897.849762,-0.039358155,positive,1882374.834
M138T990_POS,137.9927134,989.8690186,0.009959075,positive,2066594.361
M138T973_POS,137.9927196,973.1388855,-0.046462464,positive,2054881.654
M138T939_POS,137.9927066,938.8110352,0.009106665,positive,2028408.545
M138T1009_POS,137.9927195,1009.078033,0.017180873,positive,1645690.364
M138T958_POS,137.9927119,958.269165,0.01331207,positive,1860965.563
M138T916_POS,137.992708,916.4344482,0.042089517,positive,2022119.477
M138T38_POS,138.0491154,38.00829887,0.032301936,positive,54580524.2
M138T266_POS,138.066252,265.6871338,0.276010165,positive,21397475.87
M138T511_POS,138.0550361,511.195282,0.540540478,positive,10168641.4
M138T182_POS,138.0662218,181.8364105,0.127864007,positive,2448225.254
M138T822_POS,138.2874772,822.0856323,0.103534996,positive,793810.741
M139T823_POS,138.9914206,823.4985352,0.0217153,positive,12620616.41
M139T39_POS,138.9893573,39.04442978,-0.004216451,positive,14200165.03
M139T824_POS,139.0275775,823.5634155,0.071309642,positive,26294246.39
M139T866_POS,139.0181466,866.0048218,0.052147751,positive,6988274.045
M139T905_POS,139.0181656,905.2918396,-0.011094495,positive,3849299.837
M139T967_POS,139.0181873,966.6287537,-0.010861241,positive,3797463.532
M139T423_POS,139.0390475,422.7409058,0.008694042,positive,4155004.651
M139T831_POS,139.0544964,830.9660034,0.009949828,positive,78109178.71
M139T34_POS,139.0499846,34.21170235,-0.01453326,positive,4411068.559
M139T497_POS,139.0390567,496.8091736,0.011627675,positive,973306.5154
M139T171_POS,139.0390305,171.2684631,0.020872845,positive,4376410.492
M139T511_POS,139.0582888,511.1635132,0.192900351,positive,3244578.144
M139T81_POS,139.0729575,81.11922455,0.01973884,positive,3977680.186
M139T266_POS,139.0696081,265.6758728,0.156659563,positive,26820899.29
M139T166_POS,139.0866449,165.5731049,0.069251365,positive,33579381.43
M139T37_2_POS,139.1116894,36.85787201,0.018614332,positive,15221189.8
M140T824_2_POS,140.068073,824.1278687,0.000253399,positive,52474751.49
M140T266_POS,140.068233,265.9838409,0.038141552,positive,45833912.76
M140T573_POS,140.0682213,573.3131714,0.089983419,positive,88145899.94
M140T182_POS,140.0682352,181.8267365,0.062798846,positive,30271631.15
M141T823_POS,140.764417,823.2632446,0.047327217,positive,951972.7483
M141T865_POS,141.0137915,864.7737122,0.057130179,positive,16104654.69
M141T555_POS,141.0182528,555.0374451,0.568047791,positive,1671686.013
M141T967_POS,141.0138211,966.7232666,0.015543183,positive,16534914.81
M141T942_POS,141.0138169,942.4505615,-0.022113486,positive,19396345.06
M141T908_POS,141.0138129,908.0745239,-0.001705645,positive,11458628.98
M141T1001_POS,141.0138278,1001.032349,-0.04657491,positive,18352542.08
M141T33_POS,141.0520815,33.15583801,-0.120120413,positive,4032274.242
M141T829_POS,141.0500697,829.4358521,0.014143849,positive,69493005.93
M141T825_POS,141.0715234,824.9639282,0.025182615,positive,2709142.635
M141T38_POS,141.0909462,37.5851593,0.045543029,positive,28530488.22
M142T33_1_POS,142.0248105,33.16882706,0.220505097,positive,7765694.25
M142T46_POS,142.0651703,46.1217804,-0.271522501,positive,9281173.081
M142T33_2_POS,142.0862469,33.09658432,0.044924065,positive,3329228.585
M142T247_POS,142.1226962,247.1596222,-0.012394921,positive,2349265.14
M143T45_POS,143.0729581,45.24479294,-0.218202697,positive,14411446.47
M143T279_POS,143.0729615,278.9460144,-0.043279118,positive,36606769.82
M143T37_POS,143.1067308,36.9051857,0.005725385,positive,10400330.28
M143T174_POS,143.1179097,174.2459106,-0.064876044,positive,30207418.11
M144T31_POS,143.9304645,31.49934578,0.069061142,positive,29221560.22
M144T279_1_POS,144.0445152,278.5681458,-0.081123355,positive,4269938.646
M144T36_POS,144.0654967,35.84727478,-0.073322866,positive,1913242.293
M144T511_POS,144.065685,511.196991,0.286844994,positive,3196646.203
M144T279_2_POS,144.080851,279.3358154,-0.072968627,positive,2422841.912
M144T46_2_POS,144.0807985,46.28905869,-0.26644227,positive,69157919.64
M144T34_POS,144.1019379,33.65413666,-0.034763619,positive,22163924.7
M144T360_POS,144.1383946,359.599823,0.023739305,positive,5431057.81
M145T863_POS,144.9974702,862.9145813,0.01029311,positive,11098030.11
M145T908_POS,144.9974603,907.7651978,0.041710842,positive,4688521.137
M145T951_POS,144.9974712,950.815918,0.022382782,positive,4700998.428
M145T1005_POS,144.9974812,1005.065582,0.044922428,positive,4407101.978
M145T976_POS,144.9974761,976.2366333,0.002898801,positive,4634970.637
M145T826_POS,144.9838947,825.7504272,-0.003911481,positive,12548844.72
M145T33_1_POS,145.0317024,32.85574532,-0.074955838,positive,2523490.059
M145T278_POS,145.0522519,278.3670807,-0.091142302,positive,1909095.512
M145T46_POS,145.0841294,46.04140854,-0.231695906,positive,6822864.74
M145T618_POS,145.1012333,618.1421509,-0.087630555,positive,2436858.126
M145T33_2_POS,145.105411,33.30435181,-0.103085211,positive,25538509.33
M146T842_POS,145.9655757,842.1085205,0.028555991,positive,16709880.31
M146T883_POS,145.9657541,882.6942139,0.007522093,positive,3440661.026
M146T922_POS,145.9658165,921.7039795,0.024291347,positive,1865996.619
M146T965_POS,145.9658378,965.3840332,0.066859539,positive,1855919.587
M146T1001_POS,145.9658454,1001.023132,-0.055511851,positive,1566730.855
M146T826_POS,145.9767942,826.1516724,0.047514283,positive,50544392.69
M146T45_POS,146.0600489,44.79969025,-0.248252093,positive,121261481.7
M146T240_POS,146.060147,239.9095306,-0.228008181,positive,32209801.72
M146T208_POS,146.0601462,208.2831421,-0.013786291,positive,43572529.3
M146T180_POS,146.0601458,179.9165497,-0.129159064,positive,34197341.34
M146T278_POS,146.0601301,278.3613739,-0.050438935,positive,10285012.47
M146T156_POS,146.0601236,156.3243103,-0.076342327,positive,13364451.58
M146T127_POS,146.0601033,127.4257965,-0.022691467,positive,10416706.9
M146T35_1_POS,146.0811416,34.93999863,0.127720429,positive,3278338.69
M146T35_2_POS,146.1175642,34.84634399,0.100069776,positive,11078079.56
M147T842_POS,146.9738413,841.8665161,-0.018911633,positive,656422498.9
M147T823_POS,147.0501645,823.3456116,0.009114363,positive,1155186560
M147T641_POS,147.0502036,640.7786865,-0.015762191,positive,128218753
M147T570_POS,147.0502705,569.8446045,0.005817274,positive,256112505.9
M147T610_POS,147.0502169,609.699646,-0.047794389,positive,236078842
M147T500_POS,147.0503022,499.9860535,0.075001819,positive,185313902
M147T589_POS,147.0502274,589.4369507,0.037972241,positive,116348366
M147T475_POS,147.0502973,474.9130096,-0.008850538,positive,196711922.2
M147T407_POS,147.0503053,406.7770996,-0.027220039,positive,202558931.2
M147T540_POS,147.0502827,539.8412476,0.154403853,positive,267670560.2
M147T789_POS,147.050174,789.3741455,0.047406276,positive,145540117
M147T516_POS,147.050291,516.3759155,-0.074493149,positive,191429044.4
M147T381_POS,147.0503127,380.9992065,0.091788932,positive,161893700.8
M147T443_POS,147.0503113,443.1175232,0.029266121,positive,285363791.1
M147T367_POS,147.0503046,366.7373657,0.061169193,positive,182424498.7
M147T353_POS,147.0503077,352.7702332,0.078292037,positive,165541576.2
M147T756_POS,147.050184,756.1150513,0.025740732,positive,152097929.2
M147T338_POS,147.0503217,338.496109,0.101117702,positive,150135753.9
M147T706_POS,147.0501942,706.0574951,0.035212092,positive,203198193.2
M147T675_POS,147.0502019,674.510376,0.004078108,positive,239087536.7
M147T735_POS,147.0501974,734.508606,-0.043272659,positive,146450977.9
M147T208_POS,147.050412,207.9029694,0.06078686,positive,65542143.74
M147T240_POS,147.0503845,239.9549408,0.167212827,positive,59310648.67
M147T169_POS,147.0503789,168.6444855,-0.036440478,positive,63787155.73
M147T289_POS,147.0503238,289.4983521,0.043157706,positive,136596232.3
M147T260_POS,147.0503191,259.7978821,0.018964221,positive,119481939.1
M147T273_POS,147.0503145,272.574707,0.110132257,positive,118758639.5
M147T316_POS,147.0503156,315.8457184,-0.066615637,positive,220770984.5
M147T44_POS,147.0635354,43.7737236,-0.276358549,positive,11120131.97
M147T34_POS,147.1128525,34.46016502,0.016649301,positive,3225824.439
M147T825_2_POS,147.1125954,825.0238342,0.052946909,positive,933019.0304
M148T839_POS,147.9815754,839.3710327,0.063095616,positive,24342559.47
M148T36_POS,148.0393702,36.0030899,0.006380184,positive,19461607.09
M148T171_POS,148.0393888,171.3971863,-0.043813906,positive,37075260.98
M148T645_POS,148.0510034,644.7063599,0.001465622,positive,11621860.83
M148T824_POS,148.0509535,823.5096436,0.031992204,positive,129128571.3
M148T590_POS,148.0510082,590.109314,0.066071839,positive,17690973.82
M148T33_POS,148.0756935,33.15555191,-0.069939433,positive,2542586.981
M148T278_POS,148.0757354,278.3033142,-0.06061109,positive,4888277.651
M149T541_POS,149.023321,540.864502,-0.009729566,positive,351312597.9
M149T417_POS,149.0232521,417.0206146,0.026294263,positive,4178889.788
M149T666_POS,149.0233456,665.8266602,0.02764971,positive,14970734.61
M149T824_POS,149.0476428,823.6211853,0.044415675,positive,146130178.3
M149T589_POS,149.047796,588.9424744,0.063968952,positive,18119168.81
M149T644_POS,149.0477867,643.8487549,-0.022535753,positive,14969123.28
M149T615_POS,149.0478017,615.1646118,-0.03936979,positive,19111097.92
M149T33_POS,149.0597242,33.10536575,-0.100236904,positive,37400859.47
M149T318_POS,149.0596463,317.9379883,0.025950465,positive,15650340.87
M149T171_POS,149.0426531,171.4766846,-0.030345606,positive,2677758.952
M149T497_POS,149.0595632,496.5665741,0.027920451,positive,89424127.72
M149T480_POS,149.0961294,480.0518188,0.04880499,positive,18756155.67
M149T588_POS,149.0961011,587.6866455,0.105765888,positive,61557659.41
M149T555_2_POS,149.1324642,555.1687622,0.326037819,positive,4086848.134
M150T868_POS,149.9610314,868.1018066,0.036855092,positive,84741297.54
M150T1000_POS,149.9610675,999.994812,0.047915433,positive,41213589.47
M150T947_POS,149.9610572,947.4175415,-0.01974027,positive,42898025.39
M150T970_POS,149.9610617,970.4821167,-0.021242111,positive,45391616.42
M150T920_POS,149.9610467,920.4636841,0.007926694,positive,60227763.52
M150T897_POS,149.9610264,897.2440186,0.011756373,positive,34045873.12
M150T36_POS,149.9719797,35.97410202,0.01851532,positive,8363998.194
M150T825_POS,150.0153612,824.7252502,0.117677945,positive,97912646.52
M150T541_POS,150.0266881,541.0491943,-0.013356179,positive,25621576.71
M150T33_POS,150.0585426,33.32633018,-0.04734509,positive,3081383.86
M150T215_POS,150.0888706,215.2519073,-0.029795555,positive,1633272.792
M150T480_POS,150.0994446,480.1865692,0.081009758,positive,73071545.43
M151T863_POS,150.9688068,863.2032776,0.021905095,positive,304207753.4
M151T831_POS,151.0052203,831.2102661,-0.044053546,positive,440183607.2
M151T851_POS,151.0450675,850.5292358,0.033216814,positive,22699286.65
M151T134_POS,151.0613583,134.0791321,0.127646797,positive,48934676.78
M151T83_POS,151.0614319,83.30488586,0.367313372,positive,2268751.778
M151T344_POS,151.075418,344.3944702,0.035339728,positive,5111689.588
M151T400_POS,151.0754284,399.6271667,0.005906464,positive,9117742.457
M151T41_POS,151.0965057,41.28356361,-0.016749537,positive,5791046.974
M151T38_POS,151.1117318,37.73057175,0.026054196,positive,8096716.857
M152T833_POS,152.0081077,833.0038452,-0.021459099,positive,16250118.19
M152T644_POS,152.0706132,643.9498291,-0.1241371,positive,19510458.84
M152T400_POS,152.0788609,399.6291809,0.017893466,positive,926352.4671
M152T86_POS,152.0706317,86.4139328,-0.039144234,positive,61337081.11
M153T1014_1_POS,152.9692739,1014.088745,-0.039477355,positive,61930296.61
M153T871_POS,152.9692275,870.614624,0.030423676,positive,98164455.14
M153T956_POS,152.9692647,956.0925598,-0.047707602,positive,71567620.48
M153T991_POS,152.9692751,990.5441895,0.011143367,positive,75488859.52
M153T922_POS,152.9692565,922.3267517,0.04175734,positive,103066422.6
M153T899_POS,152.9692446,898.7979736,-0.002816453,positive,46507219.32
M153T853_POS,153.0337233,853.3661804,0.019742925,positive,7273806.091
M153T886_POS,153.0337427,886.0949097,0.037783699,positive,4792636.602
M153T929_POS,153.0337549,929.4456787,0.033047533,positive,3481478.18
M153T1002_POS,153.0337656,1001.635651,-0.032130959,positive,2886723.756
M153T976_POS,153.033764,975.9196167,0.037278288,positive,3080337.745
M153T962_POS,153.0337617,962.1274414,-0.014946546,positive,3234295.993
M153T37_1_POS,153.0407778,37.42928886,0.021443777,positive,7964332.994
M153T823_POS,153.0433372,822.6867065,0.070178424,positive,99535221.52
M153T645_POS,153.0435677,644.7808838,-0.126294418,positive,5076525.604
M153T423_POS,153.0547826,422.679306,-0.011497695,positive,2669205.011
M153T491_POS,153.0548194,490.6591492,-0.04590911,positive,1294472.028
M153T590_POS,153.0434224,589.7813416,0.095175919,positive,12403727.09
M153T219_POS,153.0548072,219.2776947,0.07003666,positive,2849033.542
M153T66_POS,153.0658471,66.15726471,-0.065029251,positive,39521550.13
M153T97_POS,153.0658548,97.16986084,-0.022789594,positive,27643336.82
M153T644_POS,153.0739028,644.1359253,-0.107849618,positive,2884715.996
M153T144_POS,153.0885222,144.2807159,-0.040496967,positive,2862497.353
M153T37_2_POS,153.1273891,37.37397766,0.026247072,positive,69793261.95
M154T37_1_POS,154.0473126,37.34681129,-0.05921009,positive,5361454.155
M154T97_1_POS,154.0498695,97.17347717,-0.06223486,positive,10820975.18
M154T188_POS,154.0499073,187.8053284,0.084872869,positive,58785914.95
M154T66_POS,154.0692118,66.03395844,-0.076813865,positive,3553797.004
M154T97_2_POS,154.0692311,97.47872162,-0.006644525,positive,1715153.852
M154T644_POS,154.0862626,643.9673462,-0.097811765,positive,2119980.582
M154T37_2_POS,154.1307169,37.43166733,0.017732782,positive,6497528.278
M155T826_POS,154.9679458,826.2764587,0.018903271,positive,13562081.91
M155T870_POS,154.9646185,870.151062,-0.010465563,positive,33237811.13
M155T958_POS,154.9646574,958.1378174,0.027690485,positive,27096491
M155T992_POS,154.9646612,991.7368164,0.020513739,positive,27997789.96
M155T922_POS,154.9646471,922.1809692,0.018020188,positive,35727437.95
M155T1013_POS,154.9646607,1013.125885,0.057700079,positive,24417974.74
M155T898_POS,154.9646434,898.1660156,-0.015768208,positive,19919778.65
M155T928_POS,155.0294041,928.2047424,0.032181556,positive,22829317.97
M155T886_POS,155.0293974,886.1025391,-0.011205998,positive,34440855.37
M155T1005_POS,155.0294065,1005.373138,-0.081262877,positive,18702447.58
M155T960_POS,155.0294104,960.4227905,0.061884617,positive,22920632.64
M155T980_POS,155.0294115,979.6416626,0.052400118,positive,24463171.66
M155T848_POS,155.0293659,848.4251709,0.078757365,positive,173130492.3
M155T39_POS,155.1066377,38.65090179,0.004831034,positive,6197382.327
M155T480_POS,155.1429478,479.837265,0.106690602,positive,3001116.447
M156T825_POS,156.0422205,825.2658997,0.014992483,positive,4692332.974
M156T848_POS,156.0420537,847.5209961,0.047748275,positive,4998409.376
M156T876_POS,156.0420854,875.5187988,0.017506031,positive,3942339.313
M156T967_POS,156.0421388,967.2344971,0.005122363,positive,4534869.299
M156T991_POS,156.042148,991.1082153,0.032973812,positive,3306491.164
M156T1013_POS,156.0421626,1012.803955,-0.008832193,positive,5790683.758
M156T942_POS,156.0421295,942.1424561,0.053083968,positive,4382832.354
M156T34_2_POS,156.0768063,34.34114647,0.035869737,positive,9294111.364
M156T320_POS,156.0809483,319.5702515,0.009578217,positive,1157099.822
M156T177_POS,156.1019584,177.326828,0.084824911,positive,8143629.155
M157T826_1_POS,156.9647275,825.7200317,0.025060229,positive,6552563.17
M157T833_POS,157.0363469,832.7632446,-0.023235752,positive,53380434.2
M157T171_POS,157.0497569,170.5208359,-0.011835122,positive,1632246.724
M157T108_POS,157.0835521,108.0341644,0.018329212,positive,16365087.85
M157T46_POS,157.0761154,46.10052109,-0.164516208,positive,2286350.815
M157T177_POS,157.1054078,177.2258759,0.018812887,positive,42327075.13
M157T38_POS,157.1223184,37.65754318,0.027281004,positive,13550857.77
M158T278_POS,158.0601404,278.3335571,-0.07874194,positive,7223070.334
M158T108_POS,158.0869834,108.3508911,0.032233849,positive,1030011.92
M158T45_3_POS,158.1176108,44.94322205,0.084944761,positive,8095247.306
M158T419_POS,158.1540604,418.9059448,0.064178788,positive,23479289.06
M159T826_1_POS,158.9639565,825.5058594,0.015448344,positive,4680354.627
M159T826_2_POS,159.0076476,825.989502,0.075013027,positive,23691573.31
M159T888_POS,159.0128589,888.2627869,0.040057726,positive,6118889.157
M159T990_POS,159.0128089,989.8699951,0.063933589,positive,6277733.137
M159T38_POS,159.0277755,37.6065979,-0.001887609,positive,43055066.71
M159T555_POS,159.0288967,555.0146484,0.727514531,positive,2789818.996
M159T850_POS,159.0129101,849.7457581,-0.006910798,positive,10679589.45
M159T35_POS,159.0765124,34.96940613,0.05515801,positive,19548788.98
M159T46_POS,159.0916761,46.3170433,-0.255096087,positive,64399082.52
M159T305_POS,159.1167908,304.8180237,0.021874878,positive,1433573.369
M159T618_POS,159.1168242,618.338623,0.000712018,positive,34369282.26
M159T419_POS,159.1574279,419.0536346,0.068815633,positive,1654558.407
M160T824_POS,159.9997201,823.5458984,0.03054096,positive,25340841.09
M160T37_POS,160.0311325,37.39144135,0.024602642,positive,39902362.32
M160T35_POS,160.0604762,35.19906235,0.060751128,positive,113024770
M160T278_POS,160.0758337,278.4656982,-0.072793948,positive,11487123.61
M160T45_POS,160.075814,45.33817291,0.033073709,positive,9314694.272
M160T74_POS,160.133197,74.04650116,0.064097915,positive,13155179.58
M160T356_POS,160.1333405,355.8764496,-0.002239666,positive,3768584.149
M161T36_1_POS,161.0293036,36.08806419,-0.01742038,positive,20483677.62
M161T865_POS,161.0294465,865.3688049,0.022465041,positive,79655790.46
M161T994_POS,161.029494,993.9171143,0.007327978,positive,43982580.59
M161T977_POS,161.0294863,976.6114807,-9.50E-06,positive,38071973.42
M161T964_POS,161.0294811,963.5272217,0.096259636,positive,36432035.4
M161T945_POS,161.0294791,944.619751,0.012386058,positive,45463489.09
M161T895_POS,161.029461,895.0797119,0.001411058,positive,36059607.01
M161T1013_POS,161.0294979,1013.422607,0.069380416,positive,34443045.04
M161T920_POS,161.0294722,920.1487427,0.035783319,positive,49703406.76
M161T350_POS,161.0598057,349.662323,-0.037238707,positive,39517171.09
M161T830_POS,161.0566334,830.3938599,-0.013661561,positive,207232098.4
M161T36_2_POS,161.0638611,35.6977005,0.046984392,positive,5821985.842
M161T506_POS,161.0961673,506.0603638,0.001560741,positive,2581099.471
M161T457_POS,161.0961791,456.795105,0.076047858,positive,1727987.909
M161T314_POS,161.0961606,313.6416779,0.016445732,positive,4033685.224
M161T74_POS,161.1365437,74.25403595,0.019849723,positive,956662.2439
M162T858_POS,161.9812767,857.9312744,0.042052679,positive,14930374.37
M162T889_POS,161.9812725,889.4970093,-0.001165003,positive,5208005.293
M162T914_POS,161.9812744,913.6535645,0.035240849,positive,3974395.564
M162T943_POS,161.9812846,942.7643433,-0.052490547,positive,3636183.748
M162T992_POS,161.9812972,992.0259399,0.019704789,positive,3454044.977
M162T38_2_POS,162.0219848,37.7509861,-0.058176557,positive,6161560.336
M162T33_POS,162.0583718,33.0521946,-0.079317297,positive,514218713.4
M162T278_POS,162.0549714,277.7282257,-0.03966454,positive,61804043.02
M162T34_POS,162.1124036,33.54444885,-0.323168395,positive,7965315.203
M163T823_1_POS,162.9600086,823.3513184,0.07590431,positive,18804254.68
M163T986_POS,163.0181554,986.2776489,-0.000993819,positive,17632028.8
M163T921_POS,163.0181485,921.0767822,-0.014329558,positive,20753902.08
M163T868_POS,163.0182027,867.8398743,0.018644682,positive,14687065.75
M163T894_POS,163.0181501,894.1431885,-0.02857497,positive,13011281.08
M163T1009_POS,163.0181587,1008.906189,0.006211492,positive,16092556.09
M163T954_POS,163.0181571,954.2294922,0.022727332,positive,17243395.24
M163T823_3_POS,163.0275869,822.9600525,0.076449362,positive,22817319794
M163T37_POS,163.0339465,37.15382767,-0.011406381,positive,16620940.57
M163T237_POS,163.0602871,237.2274246,0.01954496,positive,3448751.967
M163T33_POS,163.0616692,33.01221466,-0.072570781,positive,30455416.27
M163T823_4_POS,163.095317,823.3416138,0.086619717,positive,19033603.25
M163T541_POS,163.0751282,541.3613586,0.034208569,positive,17540726.06
M163T36_POS,163.0866085,35.58242798,0.05972783,positive,2301568.379
M163T376_POS,163.1115465,375.8609314,-0.06471626,positive,2666206.374
M163T588_POS,163.1116308,587.6124268,0.042354964,positive,61312746.99
M163T521_POS,163.1326744,520.6855164,0.060779516,positive,8871728.309
M163T279_POS,163.1327295,278.5190735,0.010212061,positive,7733117.586
M163T716_POS,163.148051,715.5908813,-0.153212378,positive,2929045.168
M164T931_POS,163.9766145,930.6782532,0.001126027,positive,60402652.89
M164T999_POS,163.9766262,999.1832275,-0.058738272,positive,54127203.49
M164T965_POS,163.9766247,965.4221802,0.040813247,positive,62475086.23
M164T859_POS,163.976568,858.9053345,0.028589275,positive,282658426.6
M164T891_POS,163.9765987,891.3560181,-0.052523079,positive,89872646.5
M164T823_POS,164.0308099,823.2611389,0.055339296,positive,912626467.7
M164T641_POS,164.0310286,640.5673828,-0.041811432,positive,44105567.46
M164T610_POS,164.0310387,610.2155151,0.012920388,positive,89085259.86
M164T589_POS,164.0310395,589.4578552,0.029625138,positive,60760219.17
M164T474_POS,164.0310271,474.2059479,-0.019353248,positive,119522716.1
M164T440_POS,164.0310356,439.9893494,0.074196453,positive,132021353.5
M164T789_POS,164.03099,788.9172363,-0.011844354,positive,58976832.2
M164T675_POS,164.0310076,674.5101318,-0.055250253,positive,91796107.82
M164T361_POS,164.0310543,360.6644745,0.06771624,positive,122015564.2
M164T339_POS,164.0310587,338.8042603,0.054980618,positive,89983526.55
M164T322_POS,164.0310626,322.3626556,-0.037691928,positive,120458211
M164T307_POS,164.0310734,306.9618835,0.04994572,positive,99667291.01
M164T736_POS,164.0310021,735.8963013,-0.020021615,positive,58146315.6
M164T756_POS,164.0309921,756.4793396,0.058990668,positive,64568749.72
M164T709_POS,164.0310012,709.3962097,0.045784895,positive,61963468.33
M164T541_POS,164.0310727,541.0503845,0.004572223,positive,84162826.75
M164T569_POS,164.0310385,569.2619629,0.107920315,positive,124827447.4
M164T500_POS,164.0310249,499.9831238,0.00162576,positive,111981302.6
M164T408_POS,164.0310404,407.6530762,0.005945308,positive,125567959.2
M164T516_POS,164.0310181,516.1696167,-0.050602554,positive,110835960.9
M164T289_POS,164.0310796,289.2765808,0.012364129,positive,82291083.93
M164T244_POS,164.0311058,243.8095398,0.026708198,positive,71624197.92
M164T382_POS,164.0310511,381.6178589,0.041431842,positive,107922419.5
M164T33_POS,164.0541527,33.06235886,-0.078751732,positive,24282695.83
M164T208_POS,164.0706292,208.187561,-0.026991711,positive,2651755
M164T542_POS,164.0787617,541.6433716,0.024288235,positive,7195476.343
M164T245_POS,164.1045863,244.6456909,0.050049672,positive,1902289.492
M164T400_POS,164.1070379,400.25,-0.021537067,positive,8888351.137
M164T588_POS,164.1151102,587.5354309,0.045674661,positive,61587578.03
M164T376_POS,164.1151431,375.7501221,-0.029490527,positive,1006070.307
M164T521_POS,164.1359685,520.871521,0.096048576,positive,780924.2149
M164T279_POS,164.1361531,278.6005096,-0.012617395,positive,1872872.341
M165T848_POS,164.9844176,848.0614624,-0.009880827,positive,730569412.2
M165T893_POS,164.9844886,893.2120361,0.041652237,positive,91450315.58
M165T931_POS,164.9845023,930.7133484,-0.013865439,positive,44667906.7
M165T957_1_POS,164.9845006,956.9204102,0.010115851,positive,37126796.74
M165T975_POS,164.9845093,974.9950256,0.054453248,positive,33759002
M165T1003_POS,164.9845188,1002.869019,0.029527099,positive,31194206.88
M165T823_1_POS,165.0316207,823.2921753,0.049460394,positive,157081126.6
M165T589_1_POS,165.0318561,588.9309082,0.077320235,positive,10669626.59
M165T610_POS,165.0318461,610.2652588,0.001392786,positive,15099037.78
M165T643_POS,165.0318083,643.4686279,-0.000506621,positive,7598843.869
M165T569_POS,165.0317641,569.0667114,0.039985362,positive,20730488.29
M165T517_POS,165.0238956,517.1357422,-0.04427282,positive,11559485.78
M165T850_POS,165.0136999,849.96698,-0.025884442,positive,23172138.13
M165T407_POS,165.0317328,407.0986023,-0.005452638,positive,21241361.23
M165T439_POS,165.0316976,438.8329163,0.037468466,positive,23624794.8
M165T789_POS,165.0315812,788.6135559,0.019973466,positive,11615068.94
M165T676_POS,165.0316233,676.1889954,0.056853332,positive,17826467.6
M165T890_POS,165.0137928,889.8076477,0.00885511,positive,6552363.59
M165T928_POS,165.0138234,928.3788452,-0.025207449,positive,19618729.69
M165T1002_POS,165.0138533,1002.26593,-0.006817169,positive,19366808.76
M165T589_2_POS,165.060686,588.8764038,0.081650444,positive,13763674.52
M165T33_POS,165.0549505,33.34658813,-0.017295576,positive,1774589.94
M165T615_POS,165.060638,615.2798157,-0.151586574,positive,19909489.92
M165T823_2_POS,165.0605264,823.2705078,0.067062089,positive,99972885.33
M165T506_POS,165.0544372,505.6365051,0.022644675,positive,7772757.426
M165T645_POS,165.0606868,644.9180298,0.013958625,positive,13681057.15
M165T570_POS,165.0524535,569.7732544,0.002328325,positive,27898396.77
M165T687_POS,165.0909477,687.4616394,0.042563355,positive,46984618.7
M165T351_POS,165.0909927,351.2142639,0.015608099,positive,7494722.176
M165T813_POS,165.0909019,813.3071289,0.101906714,positive,30377313.28
M165T546_POS,165.1636321,545.6759033,0.104538637,positive,57426352.87
M166T824_POS,166.0239052,823.5700073,0.017318331,positive,14702044.5
M166T33_1_POS,166.0167401,33.35074234,-0.055164808,positive,4489620.674
M166T182_POS,166.0481769,182.021225,0.063152923,positive,47109541.49
M166T66_POS,166.0723409,65.52871323,0.696398834,positive,15441381.34
M166T33_2_POS,166.0862416,33.17967987,-0.12263284,positive,4074314976
M166T33_3_POS,166.1559046,33.17785835,-0.113335157,positive,3658466.767
M167T856_POS,166.9848344,856.1181946,0.095938239,positive,129466615.2
M167T527_POS,167.0338525,527.0551758,0.006366174,positive,8245852.117
M167T823_2_POS,167.0586387,823.4122925,0.052202138,positive,55119741.79
M167T99_POS,167.0563661,99.32880402,0.230677237,positive,36077053.12
M167T462_POS,167.0703771,462.3921814,0.010338045,positive,6757872.614
M167T384_POS,167.0705292,383.8111877,0.001455638,positive,3112771.003
M167T33_POS,167.0894757,33.22668839,-0.121292907,positive,404590711.3
M167T245_POS,167.104031,244.8839035,-0.060476243,positive,9139468.923
M167T412_POS,167.1066523,412.3526154,0.038332895,positive,3187729.954
M168T870_POS,167.9715463,869.7093506,0.052758058,positive,60668028.92
M168T969_POS,167.9715927,968.9880371,0.01515156,positive,39158073.44
M168T947_POS,167.971586,946.7813721,0.047556327,positive,33836907.43
M168T992_POS,167.9715973,992.3543396,-0.009433814,positive,37447976.64
M168T921_POS,167.9715805,921.0253296,-0.011445534,positive,53770910.47
M168T1014_POS,167.971597,1013.946777,0.005642005,positive,25939972.2
M168T898_POS,167.9715601,897.8694458,0.038603076,positive,28214436.1
M168T839_POS,168.0078114,838.5900879,-0.009510366,positive,3797699.674
M168T823_POS,168.0234185,823.2734985,0.064769423,positive,14222277.27
M168T241_POS,168.0419057,240.5063782,-0.030452256,positive,1666866.272
M168T209_POS,168.0419234,208.5443649,0.008998702,positive,32254527.67
M168T166_POS,168.0493943,165.6453094,0.08381139,positive,2575306.303
M168T463_POS,168.073472,462.6928406,0.006107865,positive,654038.1561
M168T511_POS,168.0654644,511.2321472,0.394668686,positive,3036679.454
M168T37_2_POS,168.0630141,36.86504364,0.083976071,positive,3414283.09
M168T101_POS,168.0598166,100.8058167,0.023011346,positive,3326347.831
M168T33_POS,168.0917799,33.16882706,-0.076536413,positive,43755371.18
M168T826_POS,168.1492158,825.9289246,-0.018520968,positive,6919472.774
M169T855_POS,168.9968929,855.4911804,-0.021235386,positive,22521771.16
M169T826_POS,168.9837721,826.395752,0.027330259,positive,14480028.51
M169T833_POS,169.0154243,833.1729736,-0.043432886,positive,4286492.808
M169T33_1_POS,169.0354869,33.11442757,0.152000671,positive,370121156.6
M169T832_POS,169.0449232,832.1650391,0.052007123,positive,592130369.3
M169T289_POS,169.0451864,288.9179688,0.048070572,positive,42943269.07
M169T92_POS,169.0971344,91.57205582,0.084189092,positive,5354275.37
M169T33_2_POS,169.0969005,33.06105804,0.128253152,positive,6221749.03
M169T201_POS,169.1197654,201.1827393,-0.049712082,positive,8254929.866
M170T171_POS,170.0212828,171.0832977,-0.041456898,positive,25838031.18
M170T832_POS,170.0481355,832.1556091,-0.008561319,positive,17513872.45
M170T33_1_POS,170.0387322,32.85745239,0.186231877,positive,19597100.07
M170T279_POS,170.0601006,278.7843018,0.044595957,positive,2859163.918
M170T164_POS,170.0468778,163.5576935,0.060054138,positive,1839078.928
M170T46_POS,170.059992,46.17482376,-0.265057551,positive,27487957.82
M170T201_POS,170.1232211,201.1225433,-0.008297523,positive,16577611.5
M170T178_POS,170.11749,177.5570831,0.031194579,positive,42407736.28
M171T823_POS,171.0175262,823.3373108,0.058143759,positive,38330719.65
M171T171_1_POS,171.0245936,171.0714111,-0.022622215,positive,1809677.844
M171T832_POS,171.0335348,831.7573242,0.023789342,positive,3456060.289
M171T33_POS,171.0394134,32.63603401,0.265845132,positive,3016196.031
M171T45_POS,171.0630457,45.20124817,-0.077287953,positive,4016025.622
M171T178_POS,171.0991048,177.941658,0.019850829,positive,16580324.83
M171T600_POS,171.0990132,599.940918,0.072435447,positive,62400270.82
M171T101_POS,171.1128339,101.3673706,-0.020492651,positive,1589944.193
M171T520_POS,171.138029,520.0823364,0.011403343,positive,4655828.12
M171T620_POS,171.1379649,620.3793335,-0.060219983,positive,2752150.558
M172T835_POS,171.9932217,835.3347778,-0.008897729,positive,4363218.311
M172T824_POS,172.0277247,823.8439331,0.010529108,positive,5059962.069
M172T33_2_POS,172.0401416,33.04555893,0.029980837,positive,32118873.15
M172T278_POS,172.0756962,278.340271,-0.081806851,positive,8518326.014
M172T520_POS,172.1412308,520.1144409,0.058785227,positive,9261890.158
M172T620_POS,172.141233,620.2129517,-0.062897062,positive,1788447.628
M172T463_POS,172.1695109,462.7035522,0.028433959,positive,3068771.94
M173T37_POS,172.9523143,37.2928009,-0.007519365,positive,4651940.368
M173T995_POS,172.9924401,995.3040771,0.009018168,positive,14302974.12
M173T1015_POS,172.9923784,1014.658142,0.027455299,positive,15840508.76
M173T921_POS,172.9924147,921.0823669,0.069390975,positive,19047960.99
M173T898_POS,172.9923474,897.8538513,-0.014285951,positive,9717971.896
M173T871_POS,172.992475,870.6714478,0.071858999,positive,21467259.85
M173T959_POS,172.9925113,958.9266968,0.023647622,positive,14926768.24
M173T825_POS,173.0124049,825.4003296,0.012822069,positive,6065221.962
M173T40_2_POS,173.0785139,39.9104557,0.000157115,positive,12119015.04
M173T618_POS,173.1326371,618.0782776,-0.021906112,positive,32696446.64
M173T389_POS,173.1537354,389.3789063,0.04113466,positive,560144.453
M173T463_POS,173.1728899,462.7019806,-0.023503927,positive,1693770.182
M174T893_POS,173.9607646,892.9788513,-0.032179801,positive,70959056.8
M174T859_POS,173.9606656,859.2147827,-0.016109116,positive,221553481.6
M174T1000_POS,173.9608188,1000.103363,0.002145388,positive,64915041.66
M174T970_POS,173.9608211,970.3386841,0.066407998,positive,70427531.02
M174T921_POS,173.9607988,921.3886719,-0.026582185,positive,81991784.81
M174T947_POS,173.9608132,947.100769,0.038010244,positive,70288048.55
M174T829_POS,173.9979552,829.2063599,-0.03678783,positive,7738253.545
M174T208_POS,174.0550366,208.331543,-0.022017777,positive,3940958.734
M174T36_POS,174.0549631,35.57951736,0.101452505,positive,3845125.622
M174T279_POS,174.0914997,278.6614532,-0.023787513,positive,1732663.577
M175T848_POS,174.9687528,848.2822876,-0.025573294,positive,348638736.6
M175T902_POS,174.9687686,901.8850098,-0.010655018,positive,44417793.66
M175T957_POS,174.9687567,957.3130493,-0.010340404,positive,23995677.13
M175T1007_POS,174.9687781,1006.629486,-0.020426717,positive,13904525.59
M175T984_POS,174.968785,984.2927551,0.066751944,positive,17474616.72
M175T829_POS,175.0055886,828.7719116,-0.005496068,positive,7877996.902
M175T36_POS,175.0016711,36.27077293,0.060351026,positive,40112216.78
M175T37_POS,175.0316013,37.04451942,0.004846475,positive,5819100.223
M175T831_POS,175.0447144,830.6925049,0.023922552,positive,160868462.8
M175T98_POS,175.0481986,98.12513351,-0.087402211,positive,4435665.703
M175T209_POS,175.0899428,208.9296188,0.082024282,positive,796659.9798
M175T46_POS,175.0866675,45.79132843,-0.161589683,positive,2989888.65
M176T840_POS,175.9969329,839.6505127,0.023758978,positive,60533953.19
M176T188_POS,176.0320388,187.8227615,0.078746187,positive,52513666.27
M176T34_1_POS,176.0555439,34.31817627,0.056279583,positive,12081793.06
M176T208_POS,176.0706694,208.4942169,-0.003619283,positive,20348899.88
M176T281_POS,176.0706445,281.4834747,-0.044017002,positive,3334219.642
M177T1003_POS,177.0335838,1002.577118,-0.018267673,positive,10678431.36
M177T955_POS,177.033587,955.1488647,0.039602882,positive,11973048.89
M177T976_POS,177.0335869,976.231842,0.070410159,positive,11680034.25
M177T886_POS,177.0336055,886.4056702,-0.018592359,positive,16756674.37
M177T923_POS,177.0335894,922.9784241,0.007702892,positive,11937631.07
M177T841_POS,177.0336815,841.1643066,-0.007869652,positive,76398477.58
M177T165_POS,177.0546341,164.9275818,0.054977565,positive,3979712.531
M177T417_POS,177.0545383,417.0220032,0.055663466,positive,1436683.53
M177T208_1_POS,177.0740238,208.2581024,0.031949879,positive,1608701.598
M177T64_POS,177.0869615,64.31162643,-0.031854053,positive,291040379.9
M177T37_POS,177.0869095,36.77256775,0.016802611,positive,660150676.5
M177T111_POS,177.0869604,110.5812988,-0.014749599,positive,1025735686
M177T422_POS,177.0911194,422.3885956,0.005102911,positive,5064339.403
M177T468_POS,177.1275509,468.0506897,-0.014212998,positive,2083828.348
M178T165_POS,177.5562521,164.6108093,0.015447209,positive,65536866.54
M178T840_POS,177.9922019,840.197998,0.02551786,positive,977192336.7
M178T37_POS,178.0103805,36.96105957,0.060690769,positive,19512044.24
M178T826_POS,178.0030875,825.8766479,0.03643219,positive,313351801.5
M178T36_2_POS,178.0900837,36.23937225,0.014536283,positive,43391939.66
M178T208_POS,178.0863258,208.0529175,-0.004240459,positive,29098977.79
M178T57_2_POS,178.0902592,56.95957184,-0.020034592,positive,35142326.88
M178T178_POS,178.0839784,177.7380371,-0.00342763,positive,47941938.21
M179T824_POS,178.9442635,823.8311157,0.014771484,positive,22317813.28
M179T836_POS,178.999962,836.105957,-0.032419603,positive,1342522702
M179T280_POS,179.0000894,280.2420654,0.018330894,positive,75130463.36
M179T588_POS,179.0001219,588.4581299,0.061174752,positive,62859629.58
M179T639_POS,179.0001064,639.384552,0.015328141,positive,58873158.67
M179T616_POS,179.0001354,615.7962952,0.000951171,positive,63543582.74
M179T210_POS,179.0000307,209.5268555,-0.008302906,positive,79883341.01
M179T307_POS,179.0000861,306.821167,0.046891397,positive,50756161.56
M179T256_POS,179.000062,256.4533997,0.038128382,positive,70237562.06
M179T569_POS,179.0001425,569.1112366,0.025314262,positive,54910140.78
M179T438_POS,179.0001432,437.5214233,-0.013824722,positive,48785793.17
M179T360_POS,179.0001081,359.5819855,-0.042826664,positive,68865724.72
M179T407_POS,179.0001335,406.9814148,0.00912414,positive,68803502.56
M179T866_POS,179.0399365,865.6289063,0.041617744,positive,70386794.6
M179T52_POS,179.048398,51.77048492,-0.114740729,positive,13622559.62
M179T993_POS,179.0399863,992.9703369,0.013215993,positive,45391505.76
M179T949_POS,179.0399743,949.31427,0.063194186,positive,44509137.38
M179T973_POS,179.0399817,973.1387329,0.018270239,positive,39349999.92
M179T170_POS,179.0314833,170.46521,0.048516287,positive,2732539.036
M179T896_2_POS,179.0399624,895.6955872,0.027938103,positive,35483596.3
M179T920_POS,179.039969,920.1537781,0.050795755,positive,51901889.05
M179T36_POS,179.0483603,36.29076385,-0.051915042,positive,36725352.88
M179T1015_POS,179.0399822,1014.6604,0.044092478,positive,33837496.76
M179T334_POS,179.0763889,333.8617554,-0.053456715,positive,61810028.7
M179T823_POS,179.076309,822.9647522,0.073284273,positive,389935384.6
M179T795_POS,179.0763801,795.4243469,-0.039823867,positive,58968359.3
M179T610_POS,179.0764258,610.4220886,-0.028659279,positive,88331569.42
M179T502_POS,179.07647,502.1274414,-0.027185045,positive,71583513.51
M179T412_POS,179.0764632,412.0514221,0.048284935,positive,56507802.85
M179T477_POS,179.0764773,477.0021973,-0.027366994,positive,67738476.82
M179T589_POS,179.0764405,589.4281006,0.019980869,positive,47859018.87
M179T288_POS,179.0764352,288.3417511,-0.01379688,positive,28828656.16
M179T386_POS,179.0764589,385.9872437,0.005600197,positive,53218516.02
M179T542_POS,179.0764777,541.7915344,0.061946599,positive,70703102.57
M179T520_POS,179.0764811,519.9254761,-0.10013102,positive,68017181.59
M179T771_POS,179.0763777,771.3878174,-0.064974658,positive,64998194.13
M179T259_POS,179.0764285,258.5485382,0.039697603,positive,23109713.13
M179T712_POS,179.0764035,712.2767944,0.01789441,positive,78140648.91
M179T365_POS,179.0764516,365.208313,0.037378657,positive,46343804.05
M179T755_2_POS,179.0763885,755.2858276,0.059589163,positive,65499120.99
M179T736_POS,179.0764092,735.9505615,0.011241656,positive,62661043.4
M179T446_POS,179.0764747,446.2225647,0.035251526,positive,83012598.22
M179T352_POS,179.076444,352.1482239,0.065157846,positive,38469135.78
M179T674_POS,179.0764176,674.2720337,-0.002184571,positive,101098785.7
M179T308_POS,179.0764356,307.6750488,-0.006552548,positive,34927457.35
M179T694_POS,179.0764137,693.6807861,0.02699174,positive,75040961.33
M179T218_POS,179.0763908,218.0337143,0.078680858,positive,14810596.03
M179T641_POS,179.0764216,640.6219482,0.004262063,positive,56296903.84
M179T570_POS,179.0764755,569.8577881,0.013293474,positive,89451240.54
M179T461_POS,179.1067371,460.9401855,0.05032845,positive,11575844.46
M179T424_POS,179.1068185,424.46875,0.017777082,positive,5416125.589
M179T180_POS,179.1180159,180.4360657,-0.072711601,positive,42863212.7
M180T836_POS,180.0033969,836.2937012,-0.02129231,positive,37552708.77
M180T126_POS,180.0654409,125.5573273,0.126455264,positive,131661914
M180T266_POS,180.0637876,265.6809692,0.160295776,positive,2502933.015
M180T823_POS,180.0766859,822.8892822,0.02584228,positive,42958716.45
M180T299_POS,180.073528,298.6594543,-0.045016883,positive,1978443.842
M180T162_POS,180.0878746,161.9560394,0.467587631,positive,1783577.592
M180T457_POS,180.1101198,457.0422668,0.070862511,positive,1160068.327
M180T419_POS,180.1358563,418.8910675,0.01569465,positive,13468664.31
M180T456_POS,180.1745941,455.8644714,0.03972223,positive,1147575.532
M181T823_POS,180.9782126,822.9632568,0.042514513,positive,223269152.6
M181T182_1_POS,180.992249,181.9068222,-0.113938252,positive,26140777.17
M181T866_POS,181.0286585,866.2400208,0.029616142,positive,14220196.78
M181T893_POS,181.0286259,892.5927124,0.010400174,positive,9456853.81
M181T916_POS,181.0286514,915.5005188,-0.032811418,positive,20327002.17
M181T1003_POS,181.0286698,1002.607971,-0.004007927,positive,13248794.02
M181T947_POS,181.0286585,946.7893372,0.009171036,positive,13112994.25
M181T976_POS,181.0286576,976.2381287,0.038972032,positive,12538943.58
M181T822_POS,181.0381047,822.4620361,0.048714296,positive,1705741135
M181T542_POS,181.0492428,541.7425537,-0.035738341,positive,120175378.9
M181T666_POS,181.0487605,666.0388184,-0.077169918,positive,66202753.22
M181T126_POS,181.0685507,125.716629,0.108593416,positive,11732995.28
M181T197_1_POS,181.071933,197.481842,0.096555595,positive,561475082.3
M181T181_POS,181.071961,181.273674,0.185328177,positive,1211078823
M181T830_POS,181.0651805,830.3139648,0.068683514,positive,44623915.96
M181T423_POS,181.0858615,422.6055756,-0.029547922,positive,330046570.9
M181T190_POS,181.0970469,189.8611679,0.11723108,positive,2084150.342
M181T221_POS,181.0972116,220.5308304,0.161953405,positive,1027479.459
M181T377_POS,181.1222741,377.0130615,-0.058257046,positive,4933967.456
M181T419_POS,181.1392669,418.8894043,0.036618696,positive,992995.0065
M181T715_POS,181.1585405,715.4799805,-0.151611231,positive,6338666.818
M181T182_2_POS,181.1512188,181.7379761,0.104116237,positive,1548247.359
M182T938_POS,181.9871216,938.1161804,0.015506492,positive,29001267.34
M182T916_POS,181.9871158,915.5068359,0.107199848,positive,29663011.07
M182T891_POS,181.9871014,891.3561401,0.016825705,positive,42757619.07
M182T999_POS,181.9871354,999.4068298,-0.03356455,positive,26467968.61
M182T958_POS,181.9871298,957.6336975,0.063604803,positive,29125692.73
M182T971_POS,181.9871344,970.9616394,-0.027618004,positive,29669087.97
M182T860_POS,181.9870722,860.1369019,0.050698366,positive,117830493.1
M182T825_POS,181.9985789,825.0814209,0.027045169,positive,19037846.25
M182T831_POS,182.0235619,831.2888794,0.014579742,positive,5958721.928
M182T823_POS,182.0414838,822.8555298,0.045213712,positive,60944241.6
M182T164_POS,182.0468692,164.3569794,0.038382858,positive,2284333.398
M182T542_POS,182.0527413,541.6921997,-0.072851285,positive,10082349.13
M182T197_POS,182.0753023,197.0895233,0.070371448,positive,43270466.48
M182T181_POS,182.0752598,181.4617615,0.203894817,positive,91298906.68
M182T87_POS,182.0674025,86.55370331,-0.073878079,positive,48209335.94
M182T34_POS,182.0811687,33.86619568,-0.044291077,positive,5974394.708
M182T423_POS,182.089291,422.6685028,-0.02994307,positive,35395697.43
M182T366_POS,182.1176082,366.4249573,-0.049950277,positive,9132605.643
M182T826_POS,182.1649298,825.5383301,-0.016384178,positive,11999251.78
M183T826_POS,182.9957899,825.545166,-0.020122175,positive,137766777
M183T615_POS,182.995973,614.6161194,-0.042498335,positive,138606726.9
M183T641_POS,182.9959501,640.8756104,0.018964678,positive,110086115.2
M183T570_POS,182.9959975,570.2824097,0.037625419,positive,126250048.7
M183T589_POS,182.995974,589.0996399,0.021411511,positive,82346444.16
M183T600_POS,182.9959332,600.4661255,0.10621582,positive,68351705.93
M183T500_POS,182.9959945,500.2941132,0.044154342,positive,95722113.2
M183T288_POS,182.9959985,288.4396667,-0.011460193,positive,50561967.53
M183T791_POS,182.9958818,791.2078857,-0.00281458,positive,71179132.14
M183T541_POS,182.9959848,541.352478,0.037482284,positive,119107585.7
M183T516_POS,182.995993,515.8597412,-0.032451589,positive,101745394.4
M183T475_POS,182.9959834,474.8379822,-0.045522648,positive,81115156.16
M183T712_POS,182.9959046,712.3898926,0.079873585,positive,87113778.58
M183T406_POS,182.9959897,406.1532288,-0.009294233,positive,82099992.3
M183T244_POS,182.9959805,244.3697586,0.0413588,positive,50546103.59
M183T674_POS,182.9959305,674.3000488,-0.011985233,positive,134195380.3
M183T756_POS,182.9958975,756.0494995,0.001354842,positive,76751406.59
M183T307_POS,182.9959901,307.1296387,0.002693831,positive,53657067.78
M183T441_POS,182.9959923,440.6208191,0.019210983,positive,106501453.1
M183T322_POS,182.9959859,322.1009674,-0.037058881,positive,59858368.06
M183T736_POS,182.9959141,736.3483276,-0.022892661,positive,75647049.57
M183T360_POS,182.9959819,359.9627228,-0.001700852,positive,63083314.38
M183T338_POS,182.9959847,338.4946136,0.030961,positive,42471528.02
M183T381_POS,182.9959827,381.0157776,0.025794072,positive,48970668.88
M183T693_POS,182.9959168,693.4697266,-0.037326644,positive,84085628.28
M183T196_POS,182.9959499,195.8362427,0.143973816,positive,47080400.87
M183T272_POS,182.995989,271.8120728,0.061186108,positive,40046407.81
M183T176_POS,182.9959795,175.5946121,-0.048060794,positive,29838057.99
M183T156_POS,182.9959509,156.1130524,-0.041411934,positive,31697698.47
M183T895_POS,183.0243809,895.0713806,-0.000489661,positive,54885237.47
M183T990_POS,183.0244085,990.4929199,0.00335826,positive,57522941.69
M183T1010_POS,183.0244085,1010.323303,0.028290838,positive,41528293.25
M183T946_POS,183.0243989,946.1745911,0.002777609,positive,61668141.08
M183T860_POS,183.0243466,859.8189087,0.091210655,positive,184579379.3
M183T970_POS,183.0244056,970.0305481,-0.005713985,positive,59435763.85
M183T924_POS,183.0243921,923.8934937,-0.00698586,positive,66492933.11
M183T823_POS,183.0421876,823.1866455,0.0170863,positive,11536981.59
M183T182_POS,183.0761334,181.6407242,0.093078533,positive,5469264.092
M183T255_POS,183.077602,254.929245,0.106396841,positive,2313429.299
M183T198_POS,183.075896,197.5577774,0.090003711,positive,2946687.361
M183T431_POS,183.0805247,431.2923431,0.024439997,positive,1884235.023
M183T298_POS,183.0989034,297.6198425,-0.010655254,positive,4960508.194
M183T107_POS,183.0988564,107.3765335,-0.085065672,positive,4048905.703
M183T366_POS,183.1211147,365.7993927,-0.021309594,positive,1487951.561
M183T351_POS,183.1354327,351.2188721,-0.026431617,positive,8282039.245
M183T546_POS,183.1742519,545.6820068,0.133631789,positive,2477758.856
M184T56_POS,184.0604788,56.12220764,0.013710801,positive,1702181.405
M184T33_POS,184.0402434,32.65301895,-0.051471067,positive,18942885.32
M184T594_POS,184.0733836,593.7959595,-0.075491053,positive,59340469.57
M184T810_POS,184.0732468,809.7051697,0.021238144,positive,130267868.5
M184T574_POS,184.0734301,573.9197693,-0.192010086,positive,18262903.74
M184T622_POS,184.0733204,621.9903259,-0.007236959,positive,60452323.17
M184T636_POS,184.0733096,635.6734619,0.053360181,positive,70200871.3
M184T765_POS,184.0732551,764.8654785,0.106322162,positive,64963709.2
M184T659_POS,184.0732937,659.3953552,-0.053867819,positive,51990236.26
M184T717_POS,184.0732633,716.6660156,-0.000866862,positive,42564358.99
M184T747_POS,184.0732728,746.8864136,0.043216237,positive,59291649.33
M184T783_POS,184.0732413,782.7426758,0.020430433,positive,68289007.07
M184T697_POS,184.0732437,697.1314087,0.066019384,positive,32339689.96
M184T209_POS,184.073133,208.8201294,-0.030573757,positive,2630519.031
M184T166_POS,184.0626487,166.0397949,0.053352527,positive,1715390.842
M185T859_POS,185.0130431,859.2158813,-0.029388801,positive,24478501.77
M185T893_POS,185.0127295,892.8369141,0.051027594,positive,7572127.472
M185T922_POS,185.0127217,922.0115356,0.049672648,positive,7621583.082
M185T947_POS,185.012737,947.1023865,-0.020409492,positive,6630577.867
M185T980_POS,185.0127482,979.6412048,-0.028434932,positive,6248322.856
M185T1005_POS,185.012763,1005.123779,-0.057961146,positive,5451867.596
M185T33_POS,185.0304257,32.89563179,0.175629978,positive,21473946.99
M185T823_POS,185.031137,822.9545898,0.06700639,positive,31467157.6
M185T37_POS,185.0420374,37.132267,-0.049452563,positive,19078960.17
M185T510_POS,185.0598052,510.2436523,-0.06998742,positive,45572570.62
M185T293_POS,185.0811732,293.3642883,0.01988255,positive,35435753.94
M185T40_POS,185.0920542,40.36849213,0.026668499,positive,3359718.612
M185T174_POS,185.1285031,174.4122696,-0.200482553,positive,30743997.45
M185T278_POS,185.1148008,277.9737854,0.001077332,positive,49366678.63
M185T191_POS,185.12856,191.0271912,0.078674929,positive,3907353.155
M185T501_POS,185.1535485,501.2429199,0.010608609,positive,4707765.898
M186T828_POS,185.9946447,827.5860291,0.054012443,positive,5307353.921
M186T898_POS,186.0118427,898.1596069,0.079784808,positive,4211344.944
M186T938_POS,186.0118659,937.8128357,0.012564335,positive,4948122.974
M186T278_1_POS,186.0551835,278.3399506,-0.079745301,positive,5755141.5
M186T208_POS,186.0525693,208.1638412,0.044246423,positive,2933586.751
M186T156_POS,186.0525948,156.4495392,-0.077793689,positive,4471472.716
M186T511_POS,186.076235,511.1977539,0.638183684,positive,5548097.152
M186T331_POS,186.0911243,331.3581848,0.02705794,positive,1098664.058
M186T278_2_POS,186.1180627,278.4695129,0.015890963,positive,3506378.535
M186T175_POS,186.1318567,174.6612549,-0.197581998,positive,2613190.969
M186T199_POS,186.1125945,199.2579269,0.042947487,positive,30921420.89
M186T409_POS,186.1489109,409.0306244,0.01181104,positive,59005004.8
M186T500_POS,186.1852445,499.6353455,-0.033530573,positive,4168678.858
M186T393_POS,186.2214965,392.5281372,0.000881948,positive,1953455.057
M187T894_POS,187.0080198,893.5282288,0.012182652,positive,20539009.04
M187T863_POS,187.0079818,862.5258179,0.039151224,positive,41814061.83
M187T917_POS,187.0080392,916.7442017,0.012634443,positive,21531739.18
M187T1000_POS,187.0080603,1000.417908,-0.000534183,positive,20071727.24
M187T825_POS,186.9942626,825.0129089,0.009807991,positive,106551415.3
M187T944_POS,187.0080495,943.6183472,0.073385586,positive,20523835.43
M187T971_POS,187.0080589,970.8213196,0.003223236,positive,22597892.7
M187T37_1_POS,187.0712142,37.44683838,0.070058353,positive,38984818.77
M187T278_POS,187.0628998,278.2976227,-0.051099117,positive,13014375.48
M187T511_POS,187.0796007,511.1749878,0.199696579,positive,43315206.95
M187T409_POS,187.1327533,408.9334259,-0.074178078,positive,9193155.619
M187T330_POS,187.1329657,330.1142883,0.035006297,positive,28834744.15
M187T385_POS,187.1330401,385.3509521,-0.100472282,positive,55841608.85
M187T618_POS,187.1480737,618.2384338,0.102400313,positive,31855725.42
M188T46_1_POS,187.986505,45.67025566,-0.178345753,positive,2527653.807
M188T826_POS,187.9977112,826.1862488,0.010574794,positive,2892963.432
M188T45_POS,188.0704289,44.56778717,-0.264088993,positive,2035994480
M188T278_POS,188.0706961,278.2722778,-0.093371144,positive,43373182.61
M188T116_POS,188.0706629,115.812233,-0.079513285,positive,55113568.77
M188T521_POS,188.1064215,520.7857056,-0.003428205,positive,518640.6262
M188T409_POS,188.1361371,409.2549133,-0.107173554,positive,1078895.927
M188T46_2_POS,188.1544464,46.23271561,-0.149697741,positive,2342512.166
M189T825_POS,188.9910917,825.0871582,-0.008559711,positive,63127834.95
M189T33_2_POS,189.0069023,32.79234314,-0.02993229,positive,2255683.222
M189T238_POS,189.0373635,237.5293961,0.04351805,positive,1863494.155
M189T46_POS,189.0738503,46.44076538,-0.238089789,positive,233803369.1
M189T278_1_POS,189.0784478,278.3749847,-0.081518163,positive,6735715.066
M189T33_3_POS,189.0715368,32.89445877,-0.042955406,positive,8060385.423
M189T116_POS,189.0739769,116.0090523,-0.060075949,positive,4737889.157
M189T36_POS,189.0869103,36.46409798,0.038857212,positive,102263974.9
M189T53_POS,189.0869382,52.99087143,0.046447466,positive,53128616.28
M189T342_POS,189.1120898,341.9060974,-0.055813915,positive,3503548.575
M189T587_POS,189.1121125,587.3747864,0.036633841,positive,61597539.79
M189T442_POS,189.1275142,442.1695251,0.029366784,positive,2648739.475
M189T511_POS,189.1274614,511.284668,0.06975626,positive,972579.2999
M189T555_POS,189.1637162,554.9023438,0.700380098,positive,3845316.11
M189T619_POS,189.1637304,618.6929932,-0.021438955,positive,36440385.9
M189T438_POS,189.1635877,437.8400879,0.128503956,positive,2917330.924
M190T956_POS,189.9762699,956.0855103,0.040160867,positive,61493765.3
M190T895_POS,189.9762462,895.3811951,-0.004424207,positive,51036846.37
M190T1000_POS,189.9762797,1000.107483,0.003389834,positive,54760532.5
M190T867_POS,189.9762121,866.8596191,0.01784281,positive,142663484.7
M190T920_POS,189.976257,919.8345947,0.031269258,positive,78852751.16
M190T826_POS,189.992096,825.7036743,0.033760037,positive,5608849.09
M190T208_POS,190.0498935,207.7218018,-0.03239269,positive,5845114.312
M190T45_POS,190.0775489,44.81005287,-0.222755632,positive,10439297.14
M190T278_POS,190.0863225,278.4121399,-0.085695637,positive,141529866.1
M190T318_POS,190.0864069,318.0123138,0.215754773,positive,4193792.751
M190T555_POS,190.1670562,555.1279297,0.411103358,positive,715749.9194
M191T854_POS,190.983963,854.2658081,-0.018790604,positive,37846431.07
M191T888_POS,190.9841426,888.2620239,-0.050158564,positive,12075454.92
M191T999_POS,190.9841996,998.7444458,-0.075272458,positive,9778351.131
M191T916_POS,190.984176,916.4176636,-0.035634418,positive,13122824.16
M191T941_POS,190.9841902,940.7019043,0.001182773,positive,10790632.58
M191T967_POS,190.9842046,966.6217651,-0.016783116,positive,10958340.46
M191T825_1_POS,190.9901051,825.0527954,-0.000366848,positive,36907801.85
M191T825_2_POS,191.0330637,825.1766968,0.017068633,positive,8231806520
M191T555_POS,191.0549613,555.1124878,0.518801229,positive,2162325.376
M191T164_POS,191.0520149,164.3870239,0.018808949,positive,61276955.25
M191T237_POS,191.0551359,236.9828186,0.051645673,positive,2139498.698
M191T348_POS,191.0703151,347.7947388,-0.002528074,positive,4807599.317
M191T487_POS,191.0854806,486.6162262,0.017854844,positive,2963134.252
M191T278_POS,191.0895095,278.3312073,-0.081696425,positive,16201289.6
M191T34_POS,191.1025366,34.153862,0.005827936,positive,9168717.751
M191T318_POS,191.1278418,318.3395996,0.037210319,positive,1724928.207
M191T491_POS,191.1793691,490.6611328,0.116468804,positive,2227996.348
M191T389_POS,191.1640753,389.3805542,0.040738495,positive,1699670.526
M192T960_1_POS,191.9715491,960.4229431,0.008022137,positive,991545522.1
M192T1004_POS,191.9715568,1003.544495,-0.008730084,positive,825658688.8
M192T868_POS,191.9714945,867.5513306,0.028098537,positive,2479046798
M192T896_POS,191.9715383,896.0020142,-0.035787375,positive,773932634.5
M192T921_POS,191.9715478,920.7694092,0.037595792,positive,1221245959
M192T37_POS,191.9719908,36.90167236,-0.052338195,positive,53622672.84
M192T35_1_POS,192.029218,35.3755722,-0.011148012,positive,9315590.844
M192T824_POS,192.0258983,824.1790161,0.033082129,positive,346356390
M192T39_POS,192.0528771,39.40970993,0.009195664,positive,36824531.01
M192T280_POS,192.0655172,280.1976318,-0.002071815,positive,1518483.736
M192T35_2_POS,192.0654177,34.95832443,0.017759755,positive,39802075.71
M192T278_POS,192.0929567,278.468689,-0.061463264,positive,36223376.86
M192T487_POS,192.0889715,486.6213684,0.06807421,positive,709629.4711
M192T62_POS,192.1053524,62.02192688,0.258205446,positive,893723.2705
M192T389_POS,192.1675428,389.0658264,0.01415544,positive,1269912.777
M193T905_POS,192.9793083,904.6630859,0.001451258,positive,113849089.8
M193T956_POS,192.9793589,956.0924072,0.031002897,positive,71677536.41
M193T1006_POS,192.9793736,1005.999359,0.003725447,positive,47592956.3
M193T984_POS,192.9793707,984.306488,0.021069143,positive,58863316.98
M193T855_POS,192.9792508,854.5568848,-0.012477298,positive,813854785.3
M193T824_1_POS,193.0266274,823.571167,0.078325129,positive,50403924.99
M193T35_POS,193.0687879,35.08216286,0.026880385,positive,3788665.296
M193T85_POS,193.068109,84.52734375,0.054028916,positive,1089912.094
M193T344_POS,193.0860975,344.3890381,-0.054785706,positive,12378497.38
M193T40_POS,193.1586952,39.94731903,-0.015276983,positive,9086695.477
M194T866_POS,193.9756725,865.6996765,0.07225891,positive,20551114.94
M194T973_POS,193.9756973,973.4381104,0.012745473,positive,8567636.479
M194T1008_POS,193.9757011,1007.546539,0.096420246,positive,6831376.608
M194T989_POS,193.9756939,989.1695251,-0.000330585,positive,8562902.332
M194T921_POS,193.9756768,921.0687256,0.00462518,positive,9209241.628
M194T949_POS,193.9756921,949.2321472,0.023335914,positive,8573200.783
M194T896_POS,193.975667,895.9944458,0.01423851,positive,8565947.22
M194T324_POS,194.0812573,323.9353638,0.023129676,positive,4071403.514
M194T245_POS,194.0812891,244.6001587,0.328681422,positive,1999014.331
M194T345_POS,194.0893792,344.6992188,0.03984118,positive,2089407.094
M194T278_POS,194.0809906,278.032135,-0.026506857,positive,1498166.86
M194T391_POS,194.0812379,391.1312256,-0.000550641,positive,57714607.17
M194T187_POS,194.1034938,186.5446167,0.337206595,positive,732573.6562
M194T463_POS,194.1515447,462.7030945,0.003075839,positive,2807650.767
M194T631_POS,194.1625158,631.3164978,-0.065505817,positive,823951.062
M195T867_POS,194.979786,867.4857788,0.025453961,positive,128042743.6
M195T954_1_POS,194.9798255,953.6199951,0.04426114,positive,80266771
M195T979_POS,194.9798343,979.0878296,0.016270331,positive,83724341.11
M195T823_1_POS,194.9650952,822.9946899,-0.009433106,positive,982438.4536
M195T38_1_POS,194.9797398,38.21640015,0.005510299,positive,36767568.81
M195T996_POS,194.9798471,996.3192749,0.001091887,positive,88260126.15
M195T896_POS,194.9798091,896.0050659,-0.004084877,positive,60232750.4
M195T921_POS,194.9798195,921.3893433,0.005091173,positive,99412883.67
M195T1015_POS,194.979848,1014.748169,-0.015242623,positive,65215587.29
M195T266_1_POS,194.9988153,265.9383545,0.215089607,positive,2980496.392
M195T115_POS,195.0176395,115.4539185,0.02540472,positive,209591558
M195T38_2_POS,195.0175855,37.94291306,0.069737251,positive,105852028.5
M195T995_1_POS,195.0175701,994.7960815,0.022358169,positive,197340000.5
M195T954_2_POS,195.0175624,953.7286377,-0.009238091,positive,204382167.3
M195T918_POS,195.0175557,917.9858398,0.005611714,positive,201052040.2
M195T823_2_POS,195.0153022,823.2462158,0.043718979,positive,83279375.67
M195T863_POS,195.017519,863.2510376,0.06162877,positive,298468614.5
M195T913_POS,195.0441966,913.0316162,0.011438441,positive,3625930.993
M195T946_POS,195.0441915,945.5482178,0.003498932,positive,3327038.696
M195T874_POS,195.0441925,874.3434448,0.041182956,positive,7531448.339
M195T893_POS,195.0442122,892.9024963,0.013012646,positive,10281044.31
M195T1013_POS,195.0441818,1012.80777,0.014551856,positive,4586658.275
M195T977_POS,195.0441875,977.159729,0.026219599,positive,3731185.809
M195T261_POS,195.0539552,261.0513611,-0.082681043,positive,70896279.51
M195T823_3_POS,195.0538157,822.8539429,0.093604575,positive,2530146956
M195T504_POS,195.0539945,503.8900146,0.038761444,positive,278468225.9
M195T640_POS,195.0539746,640.2555847,0.006432978,positive,172999052.5
M195T480_POS,195.053994,479.791687,0.028342025,positive,279479450.1
M195T796_POS,195.0539222,796.112793,0.040062312,positive,178791001.4
M195T388_POS,195.0539866,388.1354523,-0.067690786,positive,227413300.3
M195T525_POS,195.053999,525.2144165,0.01460058,positive,302659292.5
M195T610_POS,195.0539899,609.8955078,0.024237726,positive,308213204.5
M195T569_POS,195.0540143,568.6994629,-0.018925436,positive,381070438.8
M195T441_POS,195.0539914,440.6519318,0.042242282,positive,277302649.5
M195T772_POS,195.0539283,772.3002319,-0.001506442,positive,230610642.3
M195T289_POS,195.0539812,288.5037842,0.130658516,positive,164160208.7
M195T590_POS,195.0540024,589.5129395,0.058522257,positive,278439700.9
M195T755_POS,195.0539278,755.4224854,0.025052973,positive,234676581.8
M195T734_POS,195.0539513,734.4939575,-0.055877268,positive,219552693.4
M195T710_POS,195.053943,709.7207642,-0.007291715,positive,218054904.4
M195T322_POS,195.0539793,322.0499268,0.049086438,positive,143753015
M195T692_POS,195.0539512,691.9435425,0.020721451,positive,356303017.4
M195T221_POS,195.0539622,221.4718094,0.008870447,positive,59256613.62
M195T413_POS,195.0539918,412.6725006,0.009210853,positive,280276551.2
M195T544_POS,195.0539998,543.8223267,0.002414079,positive,252258321.5
M195T341_POS,195.0539878,340.6688843,0.064172167,positive,191363266.6
M195T465_POS,195.0539966,465.1885529,0.047592089,positive,242413515.2
M195T365_POS,195.0539758,364.879303,0.040671292,positive,214026020
M195T308_POS,195.0539751,308.1660156,0.020860015,positive,143418957.2
M195T674_POS,195.0539693,674.0271606,-0.014059525,positive,271178230
M195T266_2_POS,195.0876524,265.671814,0.315339312,positive,3241915609
M195T423_POS,195.1014411,422.5462189,-0.011684555,positive,31530476.69
M195T330_POS,195.0990821,330.4252319,0.036112783,positive,27764734.15
M195T463_POS,195.101632,463.3245544,0.042453976,positive,20287983.37
M195T184_POS,195.1127801,184.4466171,-0.025854255,positive,21591979.44
M195T99_POS,195.1227613,99.33882904,0.007582836,positive,4027703.747
M195T468_POS,195.138076,467.6709595,-0.098035212,positive,8078182.366
M195T266_3_POS,195.1759344,265.8931885,0.151251698,positive,3207400.143
M196T891_POS,196.0027919,890.8190918,0.04666994,positive,16655808.11
M196T845_POS,196.0027312,844.7450562,0.009637795,positive,186041636.9
M196T825_POS,196.0134485,825.4428406,0.030904549,positive,2243584.082
M196T964_POS,196.002838,964.4544678,0.098490159,positive,7474382.367
M196T208_POS,196.0367334,208.3059082,-0.033964033,positive,929169.7262
M196T823_POS,196.0570821,822.8746338,0.08497542,positive,135316923.4
M196T589_POS,196.0572672,589.4379272,0.136332183,positive,16638446.32
M196T614_POS,196.0572655,614.1878662,0.000774707,positive,20375327.37
M196T642_POS,196.0572507,641.9008179,-0.014679668,positive,17727435.84
M196T569_POS,196.0572786,569.4267883,0.027376196,positive,20903336.23
M196T789_POS,196.0571984,788.8112183,0.036981636,positive,17379953.49
M196T674_POS,196.0572168,674.3883667,0.03682893,positive,23205297.7
M196T279_POS,196.0685081,278.5860596,0.061918757,positive,2242855.631
M196T266_POS,196.090806,265.6797791,0.309003015,positive,280545877.5
M196T644_POS,196.0966921,644.2357178,-0.090801571,positive,6601360.847
M196T173_POS,196.0944217,172.7666397,-0.059003896,positive,3585085.428
M196T56_POS,196.0968365,55.97058105,0.026278882,positive,55537377.14
M196T463_POS,196.1048646,462.9775848,-0.034628477,positive,2059707.106
M196T185_POS,196.1162636,184.670929,-0.028574513,positive,1853447.962
M196T330_POS,196.1023942,329.8784027,0.029761224,positive,3019144.386
M196T423_POS,196.1049295,422.6033325,-0.020285395,positive,3894292.301
M196T468_POS,196.1411141,467.9870911,-0.067727698,positive,793694.9825
M197T829_POS,196.9176791,828.538208,-0.020922115,positive,17436594.1
M197T1001_POS,196.9751775,1001.360474,-0.019041879,positive,32901833.99
M197T867_POS,196.9752102,867.3217163,0.004198091,positive,45831840.99
M197T951_POS,196.9752507,950.8216553,0.030562889,positive,31733749.98
M197T973_POS,196.9752596,973.1365967,0.051104352,positive,30314631.2
M197T922_POS,196.9752409,921.6931763,0.028949752,positive,36561287.68
M197T896_POS,196.9752167,896.0007324,0.013138232,positive,24024823.15
M197T1013_POS,196.9923015,1012.807281,-0.017562498,positive,11153609.83
M197T885_POS,197.0399518,884.5612793,0.047233986,positive,16360984.26
M197T938_POS,197.0399653,937.8086548,-0.031186866,positive,9521529.756
M197T1007_POS,197.0399755,1006.583923,0.054677123,positive,7681427.34
M197T984_POS,197.0399825,984.2961426,0.052083277,positive,8489431.216
M197T838_POS,197.0398529,838.199646,0.047702544,positive,149275167.7
M197T823_POS,197.0578033,822.9630127,0.090411246,positive,22273794
M197T165_POS,197.0668247,164.5077438,0.019008565,positive,30552355.37
M197T266_POS,197.0929722,265.6864624,0.257778062,positive,12480022.43
M197T243_POS,197.0784,243.1058,-0.04365946,positive,4756671.175
M197T281_POS,197.0785,281.3423,0.015837962,positive,3230043.173
M197T474_POS,197.096,473.8941,0.041388442,positive,42740831.46
M197T379_POS,197.1147,378.8465,-0.026579648,positive,3970179.391
M197T46_POS,197.1284,45.54112,0.002823428,positive,5690356.404
M197T437_POS,197.1174,436.5797,0.04890735,positive,47792283.37
M197T200_POS,197.1285,200.1893,0.235931867,positive,65268336.3
M197T688_POS,197.1899,687.9211,-0.157162792,positive,2406162.581
M198T209_POS,198.0525,208.6342,-0.044206797,positive,7542072.705
M198T165_POS,198.0598,164.6176,0.009095693,positive,1589199.491
M198T826_POS,198.0493,825.9274,0.013183859,positive,6216472.164
M198T278_POS,198.0525,278.3989,0.010988597,positive,1586254.506
M198T266_POS,198.0947,265.6939,0.136254923,positive,2570428.89
M198T474_POS,198.0993,473.8943,0.031317909,positive,10825387.84
M198T201_POS,198.1317,200.8537,0.232917331,positive,6174909.17
M198T373_POS,198.1489,372.6384,0.019701368,positive,1862248.557
M199T823_1_POS,198.9886,822.9638,0.03628292,positive,55148300.3
M199T823_2_POS,199.0466,822.9592,0.090637009,positive,54752249.67
M199T841_POS,199.0281,841.0812,0.010984821,positive,11131942.07
M199T37_POS,199.069,37.04847,0.011415244,positive,7085819.412
M199T276_POS,199.0938,276.267,0.14042759,positive,10286423.59
M199T89_POS,199.1077,89.18855,-0.029042216,positive,3398038.878
M199T236_POS,199.1442,235.7172,0.100506849,positive,1615591.036
M199T265_POS,199.1302,264.5075,-0.070843767,positive,1460471.65
M199T618_POS,199.1481,618.2438,-0.015572677,positive,30367715.03
M199T564_POS,199.1692,564.2849,0.014005197,positive,4529320.565
M199T715_POS,199.1692,715.4744,-0.155285226,positive,6845337.981
M199T473_POS,199.1692,473.0059,0.044071006,positive,4437442.949
M200T840_POS,200.0273,840.3655,0.033221814,positive,11002135.35
M200T322_POS,200.0739,322.1294,0.002577521,positive,1693847.024
M200T314_POS,200.128,313.6722,0.198087041,positive,1131053.15
M200T378_POS,200.1463,378.2197,-0.026154948,positive,5322352.913
M200T564_POS,200.1726,564.1964,0.027759443,positive,675023.2029
M200T386_POS,200.1645,385.5521,0.042949566,positive,2397709.345
M200T531_POS,200.2008,531.081,-0.018006915,positive,5935067.806
M200T405_POS,200.2373,404.5983,-0.055368465,positive,1102915.254
M201T828_POS,200.9835,827.9543,0.054545638,positive,4408996.145
M201T560_POS,200.9739,560.0429,-0.183166449,positive,1659595.889
M201T841_POS,201.0236,840.82,-0.006479741,positive,26273616.9
M201T505_POS,201.0546,504.5341,-0.086073029,positive,2198203.113
M201T277_POS,201.0633,276.9231,0.067230221,positive,572987.8044
M201T314_POS,201.0887,313.9287,0.04398714,positive,3050213.458
M201T191_POS,201.1095,191.1556,0.031141239,positive,1454899.544
M201T618_POS,201.1637,618.3439,-0.005234735,positive,1860179.597
M201T531_POS,201.2041,531.0788,-0.017332739,positive,1507744.7
M202T832_POS,201.9926,831.6655,-0.030304638,positive,26282381.47
M202T126_POS,202.0475,125.6043,0.118806862,positive,107887824
M202T209_POS,202.0862,208.5128,-0.195634294,positive,3142683.066
M202T331_POS,202.0862,331.3572,0.077475094,positive,850467.8767
M202T34_1_POS,202.1186,33.6158,0.310456383,positive,5191533.721
M202T356_POS,202.1437,355.571,0.075317716,positive,2534864.274
M202T315_POS,202.2166,314.9144,0.067874712,positive,600701.0271
M203T841_POS,203.0205,841.0014,0.014532788,positive,4313912.791
M203T35_POS,203.0525,34.60232,0.017233314,positive,12095030.21
M203T205_POS,203.0539,204.5814,0.279180444,positive,32397587.79
M203T823_POS,203.0437,823.0418,0.112885843,positive,2793402.517
M203T126_POS,203.0508,126.3674,0.076617154,positive,11309653.56
M203T182_POS,203.0538,181.5418,0.060906725,positive,27744698.85
M203T347_POS,203.0655,347.4924,0.079961935,positive,2006493.184
M203T378_POS,203.1041,377.602,-0.052036308,positive,1920995.719
M203T209_POS,203.1099,208.5618,0.008586315,positive,1032424.911
M203T506_POS,203.1066,505.7628,0.02315047,positive,1575413.659
M203T452_POS,203.1067,451.5069,0.008703421,positive,1778175.227
M203T315_POS,203.1279,315.2891,-0.017165404,positive,2026990.181
M203T396_POS,203.1278,395.9311,0.025681877,positive,6571632.247
M203T81_POS,203.139,80.99641,0.040103398,positive,2004381.629
M203T555_POS,203.1794,554.9311,0.686899617,positive,3199379.409
M204T885_POS,203.9919,885.4685,-0.011816718,positive,39797713.99
M204T939_POS,203.9919,939.0421,0.01429567,positive,23169786.86
M204T987_POS,203.9919,986.7658,0.022804651,positive,22495336.54
M204T1008_POS,203.9919,1008.154,-0.017009527,positive,18870193.78
M204T850_POS,203.9918,849.5327,0.009554828,positive,167730198.1
M204T205_POS,204.0573,204.7213,0.161051607,positive,2090993.202
M204T278_POS,204.0656,277.8601,-0.078717076,positive,17567749.27
M204T573_POS,204.0867,573.3582,0.366869279,positive,4535270.748
M204T538_POS,204.0867,537.9445,0.255978802,positive,5035268.348
M204T509_POS,204.0868,508.9902,0.307588035,positive,12122387.56
M204T369_POS,204.0995,368.5988,-0.061194027,positive,1102564.859
M204T234_POS,204.1052,234.1074,-0.005768638,positive,1976035.521
M204T332_POS,204.1018,331.6642,0.101740117,positive,1301245.516
M204T204_POS,204.1232,203.6355,-0.096643945,positive,2228923.383
M204T34_POS,204.1231,33.7956,-0.095557042,positive,4642446.386
M204T396_POS,204.1313,395.8938,-0.045646833,positive,1366149.925
M204T409_POS,204.1594,409.2571,-0.125942789,positive,773373.8942
M204T555_POS,204.1827,555.2061,0.378016643,positive,1013286.657
M205T838_POS,205.0115,838.1418,-0.015711992,positive,47384716.02
M205T46_1_POS,205.0015,46.31703,-0.16514638,positive,1644964.71
M205T887_POS,205.0285,887.3379,0.027442971,positive,5533156.697
M205T916_POS,205.0285,915.5215,-0.019832985,positive,3831864.278
M205T1003_POS,205.0286,1002.898,-0.021729428,positive,2814049.877
M205T975_POS,205.0285,975.3011,-0.011751875,positive,3263440.417
M205T937_POS,205.0285,936.5708,-0.011849324,positive,3361981.66
M205T955_POS,205.0285,955.4643,-0.025920823,positive,3672544.792
M205T823_POS,205.0382,823.0316,0.012170426,positive,22617012.65
M205T33_1_POS,205.0642,33.39396,-0.123934298,positive,10036686.03
M205T278_POS,205.0734,278.3986,-0.077197082,positive,6624915.158
M205T71_POS,205.0819,71.03875,-0.029958893,positive,16746638.3
M205T541_POS,205.0861,541.364,0.02281639,positive,1423056.352
M205T511_POS,205.09,511.2613,0.530754903,positive,2868482.015
M205T46_2_POS,205.0971,46.29794,-0.266252417,positive,1947141542
M205T283_POS,205.0908,283.2133,-0.03153357,positive,2182352.061
M205T549_1_POS,205.1224,549.2365,-0.059352369,positive,48583115.5
M205T362_POS,205.1337,361.7686,0.061966021,positive,6489817.917
M205T46_3_POS,205.1928,46.26745,-0.181097083,positive,1357121.206
M205T549_2_POS,205.1951,549.2831,0.096512784,positive,2741818.341
M206T887_POS,205.9872,887.3314,0.009926115,positive,630967130.6
M206T938_POS,205.9872,938.1532,0.004740782,positive,392656774.2
M206T951_POS,205.9872,950.8166,0.05502915,positive,397809714
M206T969_POS,205.9872,969.1071,0.031559761,positive,351270065.5
M206T923_POS,205.9872,923.2443,0.053732987,positive,384398555.6
M206T1001_POS,205.9872,1001.028,0.022337081,positive,315540591.5
M206T909_POS,205.9872,908.7123,0.021936521,positive,412897485.4
M206T193_POS,205.9872,192.6646,0.01252878,positive,354645342.7
M206T172_POS,205.9872,172.2016,0.023597394,positive,300858632.6
M206T146_POS,205.9872,145.627,0.023820488,positive,516953992.9
M206T271_POS,205.9872,271.4753,-0.035663087,positive,129177983.2
M206T218_POS,205.9872,218.0848,-0.014728009,positive,220021191.8
M206T249_POS,205.9873,249.0788,0.051106402,positive,263541416.7
M206T828_1_POS,205.9979,828.2932,0.073304875,positive,53628645.17
M206T850_POS,205.9871,850.0773,0.045877861,positive,2457727151
M206T828_2_POS,206.0238,828.3011,-0.036130524,positive,8870884.778
M206T126_POS,206.0482,126.0265,-0.137011182,positive,3286449.785
M206T644_POS,206.0787,644.158,-0.108540828,positive,4541226.688
M206T35_POS,206.0847,35.03813,0.051398246,positive,48277437.5
M206T278_POS,206.0812,278.1244,-0.073393018,positive,12293335.49
M206T46_POS,206.1003,46.32385,-0.260071333,positive,232364353.7
M206T550_POS,206.1983,549.6057,-0.059652457,positive,47720305.93
M207T887_POS,206.9905,887.3303,0.026081684,positive,37646577.88
M207T917_POS,206.9906,917.0485,0.079620924,positive,17535686.45
M207T937_POS,206.9906,936.9391,0.037869188,positive,16784595.55
M207T998_POS,206.9907,998.2372,0.059845939,positive,16715373.16
M207T961_POS,206.9906,961.1522,-0.062111973,positive,18600744.63
M207T839_POS,206.9948,839.3453,-0.003489951,positive,767933259
M207T33_POS,207.0177,33.12943,0.014100006,positive,4108187.85
M207T270_POS,207.0328,270.4936,-0.008096167,positive,19581786.23
M207T589_POS,207.0714,589.0952,0.105356701,positive,31804591.86
M207T614_POS,207.0714,614.1754,-0.016755096,positive,43864508.03
M207T601_POS,207.0713,600.5229,0.149701073,positive,33774366.16
M207T570_POS,207.0714,569.9879,0.066072222,positive,60394099.33
M207T409_POS,207.0714,408.9443,0.035419347,positive,58434043.03
M207T340_POS,207.0714,340.3516,0.032086732,positive,45982562.97
M207T676_POS,207.0713,675.8184,-0.015651043,positive,52917508.42
M207T541_POS,207.0714,541.0517,0.024760038,positive,52536386.68
M207T824_POS,207.0712,824.1791,0.045670384,positive,246482696.1
M207T277_POS,207.0715,277.4619,0.052245568,positive,17358877.25
M207T641_POS,207.0713,641.2207,0.032304325,positive,24204050.38
M207T501_POS,207.0714,500.6206,0.031227863,positive,50293501.08
M207T439_POS,207.0714,438.6712,-0.00154244,positive,56685949.93
M207T476_POS,207.0714,476.2297,-0.033136561,positive,53791550.16
M207T790_POS,207.0713,789.6205,-0.039895228,positive,34297285.07
M207T174_POS,207.1104,174.35,-0.20371014,positive,43252763.02
M207T46_POS,207.1036,46.27978,-0.230759659,positive,9589740.702
M207T442_POS,207.1381,442.2304,0.076180773,positive,33890943.46
M207T379_POS,207.1354,378.8212,-0.006154008,positive,5357569.974
M207T305_POS,207.159,304.6877,0.032825472,positive,2033349.208
M207T687_POS,207.1742,687.28,-0.168653084,positive,6390667.292
M207T438_POS,207.1744,437.9066,0.086717284,positive,2398559.583
M208T480_POS,207.6066,479.6263,-0.040669154,positive,2169224.36
M208T979_POS,207.9866,978.7252,0.055738115,positive,8021943.207
M208T892_POS,207.9866,892.2823,-0.006168726,positive,8024342.747
M208T955_POS,207.9866,954.5397,0.02543532,positive,7961912.847
M208T1004_POS,207.9866,1003.516,-0.020117279,positive,7312056.644
M208T924_POS,207.9866,923.8263,0.037770751,positive,9440097.637
M208T843_POS,207.9983,842.5616,0.014704665,positive,38287814.26
M208T834_POS,208.023,834.2898,0.006291171,positive,26442599.94
M208T204_POS,208.0962,203.7952,0.030398076,positive,2337997.981
M208T174_POS,208.1136,174.3702,-0.205938834,positive,3690848.707
M208T500_POS,208.1671,499.5136,-0.028577801,positive,822130.6543
M209T835_POS,209.0598,834.9623,0.075941797,positive,27632421.68
M209T385_POS,209.081,385.0586,0.025976169,positive,35341667.65